schema_version,dataset,architecture,seed,aggregate_accuracy,train_time_sec,epochs_run,normal_recall,normal_precision,normal_support,bruteforce_recall,bruteforce_precision,bruteforce_support,dos_recall,dos_precision,dos_support,web_attacks_recall,web_attacks_precision,web_attacks_support,infiltration_recall,infiltration_precision,infiltration_support,botnet_recall,botnet_precision,botnet_support,ddos_recall,ddos_precision,ddos_support
1.0,cse_cic_ids2018_draw2,lightgbm,0,0.9853996349908748,6.65,,0.9984333102347022,0.9890762572750336,33191,0.9936440677966102,0.8542805100182149,944,0.9013563501849569,0.9952348536419333,1622,1.0,0.2222222222222222,2,0.0829145728643216,0.42857142857142855,398,0.998589562764457,1.0,709,1.0,1.0,3133
1.0,cse_cic_ids2018_draw2,lightgbm,1,0.8384709617740443,5.79,,0.9785182730258203,0.8678620099938541,33191,0.17266949152542374,0.2156084656084656,944,0.0,nan,1622,0.0,0.0,2,0.002512562814070352,0.05263157894736842,398,0.0028208744710860366,0.02531645569620253,709,0.2853495052665177,0.5228070175438596,3133
1.0,cse_cic_ids2018_draw2,lightgbm,2,0.8132203305082627,5.24,,0.9580006628302853,0.8465654952076678,33191,0.6864406779661016,0.6525679758308157,944,0.0,nan,1622,0.0,0.0,2,0.10804020100502512,0.034874290348742905,398,0.0,0.0,709,0.012767315671879987,0.7142857142857143,3133
1.0,cse_cic_ids2018_draw2,lightgbm,3,0.6692667316682918,4.58,,0.802807990117803,0.8100072957198443,33191,0.03283898305084746,0.09365558912386707,944,0.0499383477188656,0.036064113980409616,1622,0.0,0.0,2,0.01256281407035176,0.03125,398,0.0,0.0,709,0.0022342802425789976,0.0016953257447323807,3133
1.0,cse_cic_ids2018_draw2,lightgbm,4,0.8934723368084202,6.37,,0.949233225874484,0.9677478805750093,33191,0.00211864406779661,0.002758620689655172,944,0.8076448828606658,0.45032657270539705,1622,0.0,0.0,2,0.002512562814070352,0.002347417840375587,398,0.4301833568406206,0.5722326454033771,709,0.8343440791573572,0.9460731089395584,3133
1.0,cse_cic_ids2018_draw2,lightgbm,5,0.891022275556889,6.44,,0.9337169714681691,0.9662945871788476,33191,0.725635593220339,0.6199095022624435,944,0.6183723797780518,0.8316749585406302,1622,0.0,0.0,2,0.0829145728643216,0.06191369606003752,398,0.9619181946403385,0.36065573770491804,709,0.7168847749760613,0.7809457579972183,3133
1.0,cse_cic_ids2018_draw2,lightgbm,6,0.7062426560664017,5.94,,0.806604199933717,0.8762191529750606,33191,0.0,0.0,944,0.013563501849568433,0.3333333333333333,1622,0.0,0.0,2,0.01507537688442211,0.009287925696594427,398,0.0,0.0,709,0.46249601021385256,0.1707920792079208,3133
1.0,cse_cic_ids2018_draw2,lightgbm,7,0.8770719267981699,5.12,,0.979663161700461,0.9157630889683724,33191,0.007415254237288136,0.2413793103448276,944,0.009247842170160296,0.5172413793103449,1622,0.0,0.0,2,0.002512562814070352,0.009259259259259259,398,0.4795486600846262,0.5964912280701754,709,0.7031599106287904,0.850907686365392,3133
1.0,cse_cic_ids2018_draw2,lightgbm,8,0.8019450486262156,4.13,,0.9660751408514356,0.830699481865285,33191,0.0,0.0,944,0.007398273736128237,0.02564102564102564,1622,0.0,0.0,2,0.0,0.0,398,0.0,0.0,709,0.0,0.0,3133
1.0,cse_cic_ids2018_draw2,lightgbm,9,0.8401210030250756,6.1,,0.9548974119490223,0.9467961165048544,33191,0.5052966101694916,0.521311475409836,944,0.0030826140567200987,0.056818181818181816,1622,0.0,0.0,2,0.02512562814070352,0.0684931506849315,398,0.32016925246826516,0.17315026697177727,709,0.3801468241302266,0.45878274268104774,3133
1.0,cse_cic_ids2018_draw2,lightgbm,10,0.6119652991324783,5.82,,0.7093489198879214,0.9618432878503146,33191,0.4798728813559322,0.1766770670826833,944,0.0,0.0,1622,0.0,0.0,2,0.020100502512562814,0.007952286282306162,398,0.41748942172073344,0.09065849923430322,709,0.056495371848068944,0.03718487394957983,3133
1.0,cse_cic_ids2018_draw2,lightgbm,11,0.7303932598314958,4.5,,0.8508933144527131,0.8792105099308885,33191,0.0,0.0,944,0.1535141800246609,0.39274447949526814,1622,0.0,0.0,2,0.0,0.0,398,0.0,0.0,709,0.23108841366102778,0.1569817866435386,3133
1.0,cse_cic_ids2018_draw2,lightgbm,12,0.6879421985549639,4.58,,0.8037721068964478,0.8389044369673909,33191,0.22351694915254236,0.11319742489270386,944,0.0012330456226880395,0.005089058524173028,1622,0.0,0.0,2,0.03015075376884422,0.015544041450777202,398,0.0,0.0,709,0.1959782955633578,0.6969353007945517,3133
1.0,cse_cic_ids2018_draw2,lightgbm,13,0.8472711817795445,5.99,,0.9279322707963003,0.8937090128257211,33191,0.028601694915254237,0.24107142857142858,944,0.5258939580764488,0.5041371158392435,1622,0.0,0.0,2,0.007537688442211055,0.006772009029345372,398,0.92524682651622,0.857516339869281,709,0.4953718480689435,0.8091762252346194,3133
1.0,cse_cic_ids2018_draw2,lightgbm,14,0.7239930998274957,5.21,,0.8008496279111808,0.9340103306511122,33191,0.13877118644067796,0.09790732436472346,944,0.018495684340320593,0.0702576112412178,1622,0.0,0.0,2,0.01507537688442211,0.012658227848101266,398,0.28913963328631875,0.1159502262443439,709,0.6402808809447813,0.2727025557368135,3133
1.0,cse_cic_ids2018_draw2,lightgbm,15,0.8085702142553564,6.62,,0.9681238890060558,0.8480601741884403,33191,0.0,0.0,944,0.002466091245376079,0.21052631578947367,1622,0.0,0.0,2,0.020100502512562814,0.030534351145038167,398,0.0,0.0,709,0.06287902968400894,0.9752475247524752,3133
1.0,cse_cic_ids2018_draw2,lightgbm,16,0.7884197104927623,5.64,,0.9144948931939381,0.878244263765516,33191,0.0,nan,944,0.4926017262638718,0.8887652947719689,1622,0.0,nan,2,0.01256281407035176,0.005537098560354375,398,0.0,0.0,709,0.12097031599106288,0.9266503667481663,3133
1.0,cse_cic_ids2018_draw2,lightgbm,17,0.7647441186029651,4.25,,0.8838841854719653,0.8950756651208202,33191,0.0,0.0,944,0.016646115906288533,0.08598726114649681,1622,0.0,nan,2,0.01507537688442211,0.005106382978723404,398,0.0,0.0,709,0.3890839451005426,0.25092630712227254,3133
1.0,cse_cic_ids2018_draw2,lightgbm,18,0.9231230780769519,6.37,,0.9735771745352656,0.9777602953190717,33191,0.7319915254237288,0.6098852603706972,944,0.8076448828606658,0.7830245068738793,1622,0.0,0.0,2,0.07788944723618091,0.0856353591160221,398,0.46685472496473907,0.6280834914611005,709,0.7172039578678583,0.7889747191011236,3133
1.0,cse_cic_ids2018_draw2,lightgbm,19,0.724168104202605,5.62,,0.7619836702720617,0.9713111606114141,33191,0.7521186440677966,0.3325526932084309,944,0.01911220715166461,0.05916030534351145,1622,0.0,0.0,2,0.005025125628140704,0.012987012987012988,398,0.015514809590973202,0.0045586406962287605,709,0.9323332269390361,0.3430416911332942,3133
1.0,cse_cic_ids2018_draw2,lightgbm,20,0.7582189554738868,5.37,,0.8700250067789461,0.8594345238095238,33191,0.9152542372881356,0.3130434782608696,944,0.09617755856966707,0.14351425942962281,1622,0.0,0.0,2,0.032663316582914576,0.016209476309226933,398,0.4795486600846262,0.41262135922330095,709,0.024896265560165973,0.09798994974874371,3133
1.0,cse_cic_ids2018_draw2,lightgbm,21,0.8215205380134504,5.47,,0.8722545268295623,0.9706306366714722,33191,0.9766949152542372,0.2224903474903475,944,0.5030826140567201,0.49334945586457074,1622,0.0,0.0,2,0.020100502512562814,0.013445378151260505,398,0.0014104372355430183,0.023809523809523808,709,0.6900734120651133,0.7666666666666667,3133
1.0,cse_cic_ids2018_draw2,lightgbm,22,0.17305432635815896,6.01,,0.0935795848272122,0.9894870978018477,33191,0.7627118644067796,0.046496609622215045,944,0.0,0.0,1622,0.5,0.0005324813631522897,2,0.07788944723618091,0.005767441860465117,398,0.4894217207334274,0.47146739130434784,709,0.8672199170124482,0.21018024290245224,3133
1.0,cse_cic_ids2018_draw2,lightgbm,23,0.8490962274056851,4.61,,0.9531499502877286,0.9096816861718953,33191,0.1673728813559322,0.3231083844580777,944,0.6794081381011098,0.37675213675213676,1622,0.0,nan,2,0.002512562814070352,0.006211180124223602,398,0.47531734837799716,0.576068376068376,709,0.23268432812001277,0.6864406779661016,3133
1.0,cse_cic_ids2018_draw2,lightgbm,24,0.7348433710842771,5.21,,0.8353168027477328,0.9209433648895532,33191,0.2574152542372881,0.08009228740936059,944,0.6516646115906288,0.30708890180127835,1622,0.0,0.0,2,0.005025125628140704,0.004464285714285714,398,0.18194640338504936,0.125,709,0.07564634535588892,0.1324022346368715,3133
1.0,cse_cic_ids2018_draw2,lightgbm,25,0.9056726418160455,5.21,,0.9754451507938899,0.930879815986199,33191,0.014830508474576272,0.875,944,0.6979038224414303,0.6532025389497981,1622,0.0,nan,2,0.007537688442211055,0.017142857142857144,398,0.32722143864598024,0.6744186046511628,709,0.7880625598467922,0.8366655371060657,3133
1.0,cse_cic_ids2018_draw2,lightgbm,26,0.6325908147703693,4.34,,0.7451116266457775,0.8033457852850414,33191,0.0,0.0,944,0.02342786683107275,0.06654991243432574,1622,0.0,0.0,2,0.002512562814070352,0.012048192771084338,398,0.0014104372355430183,0.0009478672985781991,709,0.16980529843600384,0.07324796915874983,3133
1.0,cse_cic_ids2018_draw2,lightgbm,27,0.8771719292982325,6.21,,0.9743002621192491,0.9596700002967623,33191,0.2817796610169492,0.6186046511627907,944,0.2688039457459926,0.44263959390862945,1622,0.0,0.0,2,0.04020100502512563,0.011339475549255847,398,0.4315937940761636,0.4157608695652174,709,0.5502713054580275,0.7495652173913043,3133
1.0,cse_cic_ids2018_draw2,lightgbm,28,0.7037425935648391,6.38,,0.8335693410864391,0.8434289546687803,33191,0.059322033898305086,0.07088607594936709,944,0.03822441430332922,0.02566225165562914,1622,0.5,0.0008673026886383347,2,0.002512562814070352,0.004901960784313725,398,0.5105782792665726,0.13822069492172584,709,0.0,0.0,3133
1.0,cse_cic_ids2018_draw2,lightgbm,29,0.4755618890472262,5.52,,0.48260070501039437,0.970846717982908,33191,0.0,0.0,944,0.017879161528976572,0.010768659487560341,1622,0.0,0.0,2,0.04773869346733668,0.0050518479127891515,398,0.0,0.0,709,0.943504628151931,0.17804011323254834,3133
1.0,cse_cic_ids2018_draw2,lightgbm,30,0.7508187704692617,4.37,,0.8860534482239161,0.8357678754120723,33191,0.0,0.0,944,0.06226880394574599,0.03341051935163745,1622,0.0,0.0,2,0.022613065326633167,0.03543307086614173,398,0.022566995768688293,0.034934497816593885,709,0.15863389722310883,0.7009873060648801,3133
1.0,cse_cic_ids2018_draw2,lightgbm,31,0.5929898247456187,5.2,,0.6314362327136874,0.8800705467372134,33191,0.1260593220338983,0.5721153846153846,944,0.0030826140567200987,0.078125,1622,0.0,0.0,2,0.002512562814070352,0.008547008547008548,398,0.0,0.0,709,0.8413661027768912,0.17523100445389883,3133
1.0,cse_cic_ids2018_draw2,lightgbm,32,0.7587189679741994,4.57,,0.8728269711668826,0.844483311470631,33191,0.0,nan,944,0.0,0.0,1622,0.0,0.0,2,0.017587939698492462,0.02834008097165992,398,0.0,0.0,709,0.43759974465368656,0.2568858909499719,3133
1.0,cse_cic_ids2018_draw2,lightgbm,33,0.9190229755743894,6.08,,0.9736073031845982,0.9799848369977255,33191,0.24470338983050846,0.6062992125984252,944,0.5184956843403206,0.5922535211267606,1622,0.0,0.0,2,0.02512562814070352,0.020703933747412008,398,0.8152327221438646,0.6248648648648648,709,0.8889243536546441,0.9345637583892618,3133
1.0,cse_cic_ids2018_draw2,lightgbm,34,0.5813645341133529,5.08,,0.6547859359464915,0.8270416317832407,33191,1.0,0.7272727272727273,944,0.009247842170160296,0.013799448022079117,1622,0.0,0.0,2,0.16834170854271358,0.013027415905113747,398,0.15937940761636107,0.027137367915465897,709,0.12192786466645388,0.22874251497005987,3133
1.0,cse_cic_ids2018_draw2,lightgbm,35,0.9509237730943274,6.84,,0.9809586936217649,0.970317389360751,33191,0.9819915254237288,0.744578313253012,944,0.5474722564734895,0.8862275449101796,1622,0.0,0.0,2,0.01256281407035176,0.015060240963855422,398,0.8688293370944993,0.9085545722713865,709,0.970635173954676,0.9669316375198728,3133
1.0,cse_cic_ids2018_draw2,lightgbm,36,0.7199929998249956,5.12,,0.7682504293332529,0.978472755180353,33191,0.0,0.0,944,0.3199753390875462,0.3266205160478288,1622,0.0,0.0,2,0.10301507537688442,0.031587057010785825,398,0.48660084626234135,0.2807160292921074,709,0.7644430258538142,0.26985915492957746,3133
1.0,cse_cic_ids2018_draw2,lightgbm,37,0.7745193629840746,4.78,,0.8815642794733513,0.9016115613348534,33191,0.13665254237288135,0.05261011419249592,944,0.5030826140567201,0.2904948380206479,1622,0.0,0.0,2,0.005025125628140704,0.015873015873015872,398,0.4767277856135402,0.8144578313253013,709,0.13884455793169487,0.24971297359357061,3133
1.0,cse_cic_ids2018_draw2,lightgbm,38,0.6698917472936824,5.8,,0.7942514537073303,0.8407858646424698,33191,0.05190677966101695,0.7313432835820896,944,0.0006165228113440197,0.009174311926605505,1622,0.0,0.0,2,0.010050251256281407,0.01834862385321101,398,0.0,0.0,709,0.12097031599106288,0.04789586755971187,3133
1.0,cse_cic_ids2018_draw2,lightgbm,39,0.5224630615765394,5.97,,0.5256545449067518,0.9807195053400787,33191,0.2966101694915254,0.1876675603217158,944,0.6344019728729963,0.21518193224592222,1622,0.0,0.0,2,0.06030150753768844,0.007986688851913478,398,0.0,0.0,709,0.6760293648260454,0.17198538367844093,3133
1.0,cse_cic_ids2018_draw2,xgboost,0,0.9845996149903747,6.76,,0.9993672983640144,0.9884968411014423,33191,0.9544491525423728,0.8444236176194939,944,0.8976572133168927,0.971314209472982,1622,1.0,1.0,2,0.03015075376884422,0.36363636363636365,398,1.0,1.0,709,1.0,1.0,3133
1.0,cse_cic_ids2018_draw2,xgboost,1,0.984649616240406,6.34,,0.9992166551173511,0.9887014071070832,33191,0.9544491525423728,0.8444236176194939,944,0.8976572133168927,0.971314209472982,1622,1.0,1.0,2,0.04773869346733668,0.4222222222222222,398,1.0,1.0,709,1.0,1.0,3133
1.0,cse_cic_ids2018_draw2,xgboost,2,0.9845996149903747,6.25,,0.9992769124160163,0.9885842026825633,33191,0.9544491525423728,0.8444236176194939,944,0.8976572133168927,0.971314209472982,1622,1.0,1.0,2,0.03768844221105527,0.38461538461538464,398,1.0,1.0,709,1.0,1.0,3133
1.0,cse_cic_ids2018_draw2,xgboost,3,0.9846746168654217,12.56,,0.9991865264680184,0.988760025043976,33191,0.9544491525423728,0.8444236176194939,944,0.8976572133168927,0.971314209472982,1622,1.0,1.0,2,0.052763819095477386,0.4375,398,1.0,1.0,709,1.0,1.0,3133
1.0,cse_cic_ids2018_draw2,xgboost,4,0.9845496137403436,7.1,,0.9992467837666837,0.9885543964232488,33191,0.9544491525423728,0.8444236176194939,944,0.8976572133168927,0.971314209472982,1622,1.0,1.0,2,0.035175879396984924,0.358974358974359,398,1.0,1.0,709,1.0,1.0,3133
1.0,cse_cic_ids2018_draw2,xgboost,5,0.9845996149903747,7.63,,0.9991262691693531,0.9887298747763864,33191,0.9544491525423728,0.8444236176194939,944,0.8976572133168927,0.9706666666666667,1622,1.0,1.0,2,0.05025125628140704,0.4166666666666667,398,1.0,1.0,709,1.0,1.0,3133
1.0,cse_cic_ids2018_draw2,xgboost,6,0.9845746143653591,7.26,,0.9992467837666837,0.988583862410206,33191,0.9544491525423728,0.8444236176194939,944,0.8976572133168927,0.9706666666666667,1622,1.0,1.0,2,0.03768844221105527,0.38461538461538464,398,1.0,1.0,709,1.0,1.0,3133
1.0,cse_cic_ids2018_draw2,xgboost,7,0.9846246156153904,6.35,,0.9993371697146817,0.9885554197836259,33191,0.9544491525423728,0.8444236176194939,944,0.8976572133168927,0.971314209472982,1622,1.0,1.0,2,0.035175879396984924,0.3888888888888889,398,1.0,1.0,709,1.0,1.0,3133
1.0,cse_cic_ids2018_draw2,xgboost,8,0.9845496137403436,6.4,,0.9992467837666837,0.9885543964232488,33191,0.9544491525423728,0.8444236176194939,944,0.8976572133168927,0.971314209472982,1622,1.0,1.0,2,0.035175879396984924,0.358974358974359,398,1.0,1.0,709,1.0,1.0,3133
1.0,cse_cic_ids2018_draw2,xgboost,9,0.9845496137403436,6.31,,0.9990961405200205,0.9887000596302922,33191,0.9544491525423728,0.8444236176194939,944,0.8976572133168927,0.971314209472982,1622,1.0,1.0,2,0.04773869346733668,0.3877551020408163,398,1.0,1.0,709,1.0,1.0,3133
1.0,cse_cic_ids2018_draw2,xgboost,10,0.9845996149903747,6.41,,0.9992166551173511,0.9886424610981935,33191,0.9544491525423728,0.8444236176194939,944,0.8976572133168927,0.971314209472982,1622,1.0,1.0,2,0.04271356783919598,0.3953488372093023,398,1.0,1.0,709,1.0,1.0,3133
1.0,cse_cic_ids2018_draw2,xgboost,11,0.9846246156153904,12.02,,0.9993070410653491,0.9885845429346368,33191,0.9544491525423728,0.8444236176194939,944,0.8976572133168927,0.971314209472982,1622,1.0,1.0,2,0.03768844221105527,0.39473684210526316,398,1.0,1.0,709,1.0,1.0,3133
1.0,cse_cic_ids2018_draw2,xgboost,12,0.984649616240406,6.27,,0.9992467837666837,0.988672270911584,33191,0.9544491525423728,0.8444236176194939,944,0.8976572133168927,0.971314209472982,1622,1.0,1.0,2,0.04522613065326633,0.4186046511627907,398,1.0,1.0,709,1.0,1.0,3133
1.0,cse_cic_ids2018_draw2,xgboost,13,0.9847496187404685,7.04,,0.9993672983640144,0.9886736214605067,33191,0.9544491525423728,0.8444236176194939,944,0.8976572133168927,0.971314209472982,1622,1.0,1.0,2,0.04522613065326633,0.46153846153846156,398,1.0,1.0,709,1.0,1.0,3133
1.0,cse_cic_ids2018_draw2,xgboost,14,0.9846996174904372,6.58,,0.9993371697146817,0.9886438152011923,33191,0.9544491525423728,0.8444236176194939,944,0.8976572133168927,0.9706666666666667,1622,1.0,1.0,2,0.04271356783919598,0.4473684210526316,398,1.0,1.0,709,1.0,1.0,3133
1.0,cse_cic_ids2018_draw2,xgboost,15,0.9846996174904372,6.51,,0.9993371697146817,0.9886438152011923,33191,0.9544491525423728,0.8444236176194939,944,0.8976572133168927,0.971314209472982,1622,1.0,1.0,2,0.04271356783919598,0.4358974358974359,398,1.0,1.0,709,1.0,1.0,3133
1.0,cse_cic_ids2018_draw2,xgboost,16,0.9846746168654217,6.58,,0.9994275556626796,0.9885269839377775,33191,0.9544491525423728,0.8444236176194939,944,0.8976572133168927,0.971314209472982,1622,1.0,1.0,2,0.032663316582914576,0.40625,398,1.0,1.0,709,1.0,1.0,3133
1.0,cse_cic_ids2018_draw2,xgboost,17,0.9846996174904372,6.64,,0.9992769124160163,0.9887020807249747,33191,0.9544491525423728,0.8444236176194939,944,0.8976572133168927,0.971314209472982,1622,1.0,1.0,2,0.04773869346733668,0.4418604651162791,398,1.0,1.0,709,1.0,1.0,3133
1.0,cse_cic_ids2018_draw2,xgboost,18,0.9846746168654217,6.41,,0.9993672983640144,0.9885852233779394,33191,0.9544491525423728,0.8444236176194939,944,0.8976572133168927,0.971314209472982,1622,1.0,1.0,2,0.03768844221105527,0.4166666666666667,398,1.0,1.0,709,1.0,1.0,3133
1.0,cse_cic_ids2018_draw2,xgboost,19,0.9846246156153904,6.51,,0.9992166551173511,0.9886719332240275,33191,0.9544491525423728,0.8444236176194939,944,0.8976572133168927,0.971314209472982,1622,1.0,1.0,2,0.04522613065326633,0.4090909090909091,398,1.0,1.0,709,1.0,1.0,3133
1.0,cse_cic_ids2018_draw2,xgboost,20,0.9844996124903123,6.32,,0.9991262691693531,0.9886119723348438,33191,0.9544491525423728,0.8444236176194939,944,0.8976572133168927,0.971314209472982,1622,1.0,1.0,2,0.04020100502512563,0.35555555555555557,398,1.0,1.0,709,1.0,1.0,3133
1.0,cse_cic_ids2018_draw2,xgboost,21,0.9845996149903747,6.29,,0.9992467837666837,0.9886133301538095,33191,0.9544491525423728,0.8444236176194939,944,0.8976572133168927,0.971314209472982,1622,1.0,1.0,2,0.04020100502512563,0.3902439024390244,398,1.0,1.0,709,1.0,1.0,3133
1.0,cse_cic_ids2018_draw2,xgboost,22,0.984649616240406,9.06,,0.9992769124160163,0.988643138190056,33191,0.9544491525423728,0.8444236176194939,944,0.8976572133168927,0.971314209472982,1622,1.0,1.0,2,0.04271356783919598,0.4146341463414634,398,1.0,1.0,709,1.0,1.0,3133
1.0,cse_cic_ids2018_draw2,xgboost,23,0.9846996174904372,6.3,,0.9992769124160163,0.9887020807249747,33191,0.9544491525423728,0.8444236176194939,944,0.8976572133168927,0.971314209472982,1622,1.0,1.0,2,0.04773869346733668,0.4418604651162791,398,1.0,1.0,709,1.0,1.0,3133
1.0,cse_cic_ids2018_draw2,xgboost,24,0.9846996174904372,6.29,,0.9993070410653491,0.9886729462263026,33191,0.9544491525423728,0.8444236176194939,944,0.8976572133168927,0.9706666666666667,1622,1.0,1.0,2,0.04522613065326633,0.45,398,1.0,1.0,709,1.0,1.0,3133
1.0,cse_cic_ids2018_draw2,xgboost,25,0.9846746168654217,6.27,,0.9992166551173511,0.9887308827475181,33191,0.9544491525423728,0.8444236176194939,944,0.8976572133168927,0.971314209472982,1622,1.0,1.0,2,0.05025125628140704,0.43478260869565216,398,1.0,1.0,709,1.0,1.0,3133
1.0,cse_cic_ids2018_draw2,xgboost,26,0.9844996124903123,6.36,,0.9990660118706879,0.9886702444841979,33191,0.9544491525423728,0.8444236176194939,944,0.8976572133168927,0.971314209472982,1622,1.0,1.0,2,0.04522613065326633,0.3673469387755102,398,1.0,1.0,709,1.0,1.0,3133
1.0,cse_cic_ids2018_draw2,xgboost,27,0.9845496137403436,6.52,,0.9992166551173511,0.9885835221175628,33191,0.9544491525423728,0.8444236176194939,944,0.8976572133168927,0.9706666666666667,1622,1.0,1.0,2,0.03768844221105527,0.375,398,1.0,1.0,709,1.0,1.0,3133
1.0,cse_cic_ids2018_draw2,xgboost,28,0.984649616240406,6.34,,0.9992467837666837,0.988672270911584,33191,0.9544491525423728,0.8444236176194939,944,0.8976572133168927,0.971314209472982,1622,1.0,1.0,2,0.04522613065326633,0.4186046511627907,398,1.0,1.0,709,1.0,1.0,3133
1.0,cse_cic_ids2018_draw2,xgboost,29,0.9846246156153904,7.13,,0.9992769124160163,0.98861366955796,33191,0.9544491525423728,0.8444236176194939,944,0.8976572133168927,0.971314209472982,1622,1.0,1.0,2,0.04020100502512563,0.4,398,1.0,1.0,709,1.0,1.0,3133
1.0,cse_cic_ids2018_draw2,xgboost,30,0.9846746168654217,6.18,,0.9993070410653491,0.9886434767057141,33191,0.9544491525423728,0.8444236176194939,944,0.8976572133168927,0.971314209472982,1622,1.0,1.0,2,0.04271356783919598,0.425,398,1.0,1.0,709,1.0,1.0,3133
1.0,cse_cic_ids2018_draw2,xgboost,31,0.984649616240406,6.15,,0.9992769124160163,0.988643138190056,33191,0.9544491525423728,0.8444236176194939,944,0.8976572133168927,0.971314209472982,1622,1.0,1.0,2,0.04271356783919598,0.4146341463414634,398,1.0,1.0,709,1.0,1.0,3133
1.0,cse_cic_ids2018_draw2,xgboost,32,0.984649616240406,6.23,,0.9992467837666837,0.988672270911584,33191,0.9544491525423728,0.8444236176194939,944,0.8976572133168927,0.9706666666666667,1622,1.0,1.0,2,0.04522613065326633,0.42857142857142855,398,1.0,1.0,709,1.0,1.0,3133
1.0,cse_cic_ids2018_draw2,xgboost,33,0.9846746168654217,6.67,,0.9993371697146817,0.9886143483055647,33191,0.9544491525423728,0.8444236176194939,944,0.8976572133168927,0.971314209472982,1622,1.0,1.0,2,0.04020100502512563,0.42105263157894735,398,1.0,1.0,709,1.0,1.0,3133
1.0,cse_cic_ids2018_draw2,xgboost,34,0.9846246156153904,6.63,,0.9993371697146817,0.9885554197836259,33191,0.9544491525423728,0.8444236176194939,944,0.8976572133168927,0.971314209472982,1622,1.0,1.0,2,0.035175879396984924,0.3888888888888889,398,1.0,1.0,709,1.0,1.0,3133
1.0,cse_cic_ids2018_draw2,xgboost,35,0.9845996149903747,11.92,,0.9992467837666837,0.9886133301538095,33191,0.9544491525423728,0.8444236176194939,944,0.8976572133168927,0.9700199866755497,1622,1.0,1.0,2,0.04020100502512563,0.41025641025641024,398,1.0,1.0,709,1.0,1.0,3133
1.0,cse_cic_ids2018_draw2,xgboost,36,0.9845496137403436,6.31,,0.9991563978186858,0.9886417839255903,33191,0.9544491525423728,0.8444236176194939,944,0.8976572133168927,0.971314209472982,1622,1.0,1.0,2,0.04271356783919598,0.37777777777777777,398,1.0,1.0,709,1.0,1.0,3133
1.0,cse_cic_ids2018_draw2,xgboost,37,0.9845996149903747,6.4,,0.9992769124160163,0.9885842026825633,33191,0.9544491525423728,0.8444236176194939,944,0.8976572133168927,0.971314209472982,1622,1.0,1.0,2,0.03768844221105527,0.38461538461538464,398,1.0,1.0,709,1.0,1.0,3133
1.0,cse_cic_ids2018_draw2,xgboost,38,0.9845496137403436,6.22,,0.9992166551173511,0.9886424610981935,33191,0.9470338983050848,0.8473933649289099,944,0.9007398273736128,0.9669093315684977,1622,1.0,1.0,2,0.04271356783919598,0.3953488372093023,398,1.0,1.0,709,1.0,1.0,3133
1.0,cse_cic_ids2018_draw2,xgboost,39,0.9845746143653591,6.18,,0.9992166551173511,0.9886129907294244,33191,0.9544491525423728,0.8444236176194939,944,0.8976572133168927,0.971314209472982,1622,1.0,1.0,2,0.04020100502512563,0.38095238095238093,398,1.0,1.0,709,1.0,1.0,3133
1.0,cse_cic_ids2018_draw2,random_forest,0,0.9830995774894372,7.99,,0.9973788075080594,0.9886217709422129,33191,0.9523305084745762,0.8465160075329566,944,0.8995067817509248,0.9694352159468439,1622,1.0,1.0,2,0.06030150753768844,0.23529411764705882,398,0.997179125528914,0.995774647887324,709,0.998404085541015,0.998404085541015,3133
1.0,cse_cic_ids2018_draw2,random_forest,1,0.983049576239406,7.86,,0.9973486788587268,0.9886214311312865,33191,0.9427966101694916,0.8516746411483254,944,0.9044389642416769,0.9638633377135348,1622,1.0,1.0,2,0.06281407035175879,0.24509803921568626,398,0.995768688293371,0.9915730337078652,709,0.998404085541015,0.9987228607918263,3133
1.0,cse_cic_ids2018_draw2,random_forest,2,0.983049576239406,7.83,,0.9972281642613962,0.988708665651044,33191,0.9523305084745762,0.8465160075329566,944,0.8995067817509248,0.9694352159468439,1622,1.0,1.0,2,0.0678391959798995,0.2571428571428571,398,0.997179125528914,0.995774647887324,709,0.998404085541015,0.9968132568514978,3133
1.0,cse_cic_ids2018_draw2,random_forest,3,0.9830245756143904,7.9,,0.997408936157392,0.9885630673674152,33191,0.9449152542372882,0.8495238095238096,944,0.9025893958076449,0.9650626235992089,1622,1.0,1.0,2,0.05527638190954774,0.23404255319148937,398,0.997179125528914,0.9915848527349228,709,0.998404085541015,0.9977671451355662,3133
1.0,cse_cic_ids2018_draw2,random_forest,4,0.9831745793644842,7.74,,0.9973788075080594,0.9886512961414406,33191,0.9470338983050848,0.8514285714285714,944,0.903822441430333,0.966381015161503,1622,1.0,1.0,2,0.06281407035175879,0.25252525252525254,398,0.997179125528914,0.9943741209563994,709,0.998404085541015,0.9974489795918368,3133
1.0,cse_cic_ids2018_draw2,random_forest,5,0.9831495787394685,7.82,,0.997408936157392,0.9886516350604748,33191,0.9523305084745762,0.8465160075329566,944,0.8995067817509248,0.9694352159468439,1622,1.0,1.0,2,0.06281407035175879,0.25,398,0.997179125528914,0.9915848527349228,709,0.998404085541015,0.9987228607918263,3133
1.0,cse_cic_ids2018_draw2,random_forest,6,0.9831245781144529,7.71,,0.9973788075080594,0.9887103518308344,33191,0.9449152542372882,0.8495238095238096,944,0.9025893958076449,0.9650626235992089,1622,1.0,1.0,2,0.0678391959798995,0.2647058823529412,398,0.997179125528914,0.9929775280898876,709,0.998404085541015,0.998085513720485,3133
1.0,cse_cic_ids2018_draw2,random_forest,7,0.9828995724893123,7.66,,0.9970473923654003,0.9887066415703146,33191,0.9417372881355932,0.8531669865642995,944,0.905672009864365,0.9632786885245902,1622,1.0,1.0,2,0.0678391959798995,0.24545454545454545,398,0.997179125528914,0.9943741209563994,709,0.998404085541015,0.9968132568514978,3133
1.0,cse_cic_ids2018_draw2,random_forest,8,0.9829495737393434,7.73,,0.9971980356120635,0.9886197317721557,33191,0.9523305084745762,0.8465160075329566,944,0.8995067817509248,0.9694352159468439,1622,1.0,1.0,2,0.06030150753768844,0.23076923076923078,398,0.997179125528914,0.9943741209563994,709,0.998404085541015,0.9974489795918368,3133
1.0,cse_cic_ids2018_draw2,random_forest,9,0.9829495737393434,7.88,,0.9972281642613962,0.98864960124257,33191,0.9449152542372882,0.8495238095238096,944,0.9025893958076449,0.9650626235992089,1622,1.0,1.0,2,0.06532663316582915,0.24528301886792453,398,0.995768688293371,0.9943661971830986,709,0.998404085541015,0.9977671451355662,3133
1.0,cse_cic_ids2018_draw2,random_forest,10,0.9831995799894997,7.84,,0.9974390648067247,0.9886814991787367,33191,0.9523305084745762,0.8465160075329566,944,0.8995067817509248,0.9694352159468439,1622,1.0,1.0,2,0.06532663316582915,0.25742574257425743,398,0.997179125528914,0.9943741209563994,709,0.998404085541015,0.998404085541015,3133
1.0,cse_cic_ids2018_draw2,random_forest,11,0.9831495787394685,7.76,,0.9973486788587268,0.9886509572021623,33191,0.951271186440678,0.8487712665406427,944,0.9013563501849569,0.9688535453943009,1622,1.0,1.0,2,0.06281407035175879,0.25,398,0.997179125528914,0.9943741209563994,709,0.998404085541015,0.9974489795918368,3133
1.0,cse_cic_ids2018_draw2,random_forest,12,0.9831495787394685,7.85,,0.9973788075080594,0.9886512961414406,33191,0.9470338983050848,0.8506184586108468,944,0.9032059186189889,0.966358839050132,1622,1.0,1.0,2,0.06281407035175879,0.24509803921568626,398,0.997179125528914,0.9929775280898876,709,0.998404085541015,0.9987228607918263,3133
1.0,cse_cic_ids2018_draw2,random_forest,13,0.9830995774894372,7.75,,0.9973788075080594,0.9886808231042619,33191,0.9449152542372882,0.8495238095238096,944,0.9025893958076449,0.9650626235992089,1622,1.0,1.0,2,0.06532663316582915,0.25742574257425743,398,0.997179125528914,0.9943741209563994,709,0.998404085541015,0.9977671451355662,3133
1.0,cse_cic_ids2018_draw2,random_forest,14,0.9829995749893747,7.95,,0.9972281642613962,0.98864960124257,33191,0.9438559322033898,0.8518164435946463,944,0.9044389642416769,0.9644970414201184,1622,1.0,1.0,2,0.06281407035175879,0.24752475247524752,398,0.997179125528914,0.9915848527349228,709,0.998404085541015,0.9971310168951227,3133
1.0,cse_cic_ids2018_draw2,random_forest,15,0.9830745768644216,7.82,,0.9972884215600615,0.9886798088410992,33191,0.9523305084745762,0.8465160075329566,944,0.8995067817509248,0.9694352159468439,1622,1.0,1.0,2,0.06532663316582915,0.2549019607843137,398,0.997179125528914,0.995774647887324,709,0.998404085541015,0.9968132568514978,3133
1.0,cse_cic_ids2018_draw2,random_forest,16,0.9831495787394685,7.81,,0.9974390648067247,0.9886814991787367,33191,0.9449152542372882,0.8495238095238096,944,0.9025893958076449,0.9650626235992089,1622,1.0,1.0,2,0.06532663316582915,0.2524271844660194,398,0.997179125528914,0.997179125528914,709,0.998404085541015,0.998404085541015,3133
1.0,cse_cic_ids2018_draw2,random_forest,17,0.9832745818645466,7.92,,0.9975595794040553,0.9885942911740117,33191,0.951271186440678,0.8487712665406427,944,0.9013563501849569,0.9688535453943009,1622,1.0,1.0,2,0.05778894472361809,0.25274725274725274,398,0.997179125528914,0.995774647887324,709,0.998404085541015,0.9971310168951227,3133
1.0,cse_cic_ids2018_draw2,random_forest,18,0.9830245756143904,7.81,,0.997408936157392,0.9886221107328436,33191,0.940677966101695,0.8505747126436781,944,0.903822441430333,0.9625738673670388,1622,1.0,1.0,2,0.06030150753768844,0.24742268041237114,398,0.997179125528914,0.9929775280898876,709,0.998404085541015,0.9977671451355662,3133
1.0,cse_cic_ids2018_draw2,random_forest,19,0.9830995774894372,7.87,,0.9972884215600615,0.9887093401833985,33191,0.9417372881355932,0.8531669865642995,944,0.905672009864365,0.9632786885245902,1622,1.0,1.0,2,0.07035175879396985,0.2641509433962264,398,0.995768688293371,0.9943661971830986,709,0.998404085541015,0.9977671451355662,3133
1.0,cse_cic_ids2018_draw2,random_forest,20,0.983049576239406,7.85,,0.9973486788587268,0.988591906823951,33191,0.9523305084745762,0.8465160075329566,944,0.8995067817509248,0.9694352159468439,1622,1.0,1.0,2,0.06030150753768844,0.2376237623762376,398,0.995768688293371,0.9943661971830986,709,0.998404085541015,0.998085513720485,3133
1.0,cse_cic_ids2018_draw2,random_forest,21,0.9829745743643591,7.81,,0.9972582929107288,0.9886499402628435,33191,0.9449152542372882,0.8495238095238096,944,0.9025893958076449,0.9650626235992089,1622,1.0,1.0,2,0.06281407035175879,0.2403846153846154,398,0.997179125528914,0.9943741209563994,709,0.998404085541015,0.9977671451355662,3133
1.0,cse_cic_ids2018_draw2,random_forest,22,0.9830745768644216,7.83,,0.9973788075080594,0.9886512961414406,33191,0.9449152542372882,0.8495238095238096,944,0.9025893958076449,0.9650626235992089,1622,1.0,1.0,2,0.06281407035175879,0.25510204081632654,398,0.997179125528914,0.9943741209563994,709,0.998404085541015,0.9971310168951227,3133
1.0,cse_cic_ids2018_draw2,random_forest,23,0.9829745743643591,7.8,,0.9971980356120635,0.9886492622020431,33191,0.9523305084745762,0.8465160075329566,944,0.8995067817509248,0.9694352159468439,1622,1.0,1.0,2,0.06281407035175879,0.2358490566037736,398,0.997179125528914,0.9943741209563994,709,0.998404085541015,0.9977671451355662,3133
1.0,cse_cic_ids2018_draw2,random_forest,24,0.9831245781144529,7.89,,0.9974390648067247,0.9886519739592665,33191,0.9449152542372882,0.8495238095238096,944,0.9025893958076449,0.9650626235992089,1622,1.0,1.0,2,0.06281407035175879,0.25510204081632654,398,0.997179125528914,0.9943741209563994,709,0.998404085541015,0.9977671451355662,3133
1.0,cse_cic_ids2018_draw2,random_forest,25,0.9831995799894997,7.84,,0.99749932210539,0.9886231299829795,33191,0.9523305084745762,0.8465160075329566,944,0.8995067817509248,0.9694352159468439,1622,1.0,1.0,2,0.06030150753768844,0.2553191489361702,398,0.997179125528914,0.9943741209563994,709,0.998404085541015,0.9974489795918368,3133
1.0,cse_cic_ids2018_draw2,random_forest,26,0.9830745768644216,7.84,,0.9973788075080594,0.9886512961414406,33191,0.9449152542372882,0.8495238095238096,944,0.9025893958076449,0.9650626235992089,1622,1.0,1.0,2,0.06532663316582915,0.2549019607843137,398,0.995768688293371,0.9943661971830986,709,0.998404085541015,0.998085513720485,3133
1.0,cse_cic_ids2018_draw2,random_forest,27,0.9831495787394685,7.97,,0.9973486788587268,0.9887100146351662,33191,0.9523305084745762,0.8465160075329566,944,0.8995067817509248,0.9694352159468439,1622,1.0,1.0,2,0.0678391959798995,0.26732673267326734,398,0.997179125528914,0.9943741209563994,709,0.998404085541015,0.9971310168951227,3133
1.0,cse_cic_ids2018_draw2,random_forest,28,0.9831995799894997,7.7,,0.9974390648067247,0.9886814991787367,33191,0.9438559322033898,0.8518164435946463,944,0.9044389642416769,0.9644970414201184,1622,1.0,1.0,2,0.06532663316582915,0.26262626262626265,398,0.997179125528914,0.9943741209563994,709,0.998404085541015,0.9977671451355662,3133
1.0,cse_cic_ids2018_draw2,random_forest,29,0.9831245781144529,7.83,,0.9973486788587268,0.9886214311312865,33191,0.951271186440678,0.8487712665406427,944,0.9013563501849569,0.9688535453943009,1622,1.0,1.0,2,0.06030150753768844,0.2376237623762376,398,0.997179125528914,0.995774647887324,709,0.998404085541015,0.9977671451355662,3133
1.0,cse_cic_ids2018_draw2,random_forest,30,0.9828745718642966,7.79,,0.9971679069627308,0.9886193918394169,33191,0.9449152542372882,0.8495238095238096,944,0.9025893958076449,0.9650626235992089,1622,1.0,1.0,2,0.06030150753768844,0.23300970873786409,398,0.997179125528914,0.9915848527349228,709,0.998404085541015,0.9974489795918368,3133
1.0,cse_cic_ids2018_draw2,random_forest,31,0.9831245781144529,7.85,,0.9973788075080594,0.9887103518308344,33191,0.9449152542372882,0.8495238095238096,944,0.9025893958076449,0.9650626235992089,1622,1.0,1.0,2,0.0678391959798995,0.26732673267326734,398,0.997179125528914,0.9943741209563994,709,0.998404085541015,0.9974489795918368,3133
1.0,cse_cic_ids2018_draw2,random_forest,32,0.9830245756143904,7.85,,0.9973486788587268,0.9886214311312865,33191,0.9449152542372882,0.8495238095238096,944,0.9025893958076449,0.9650626235992089,1622,1.0,1.0,2,0.06281407035175879,0.24752475247524752,398,0.995768688293371,0.9943661971830986,709,0.998404085541015,0.9977671451355662,3133
1.0,cse_cic_ids2018_draw2,random_forest,33,0.9831495787394685,7.76,,0.9974390648067247,0.9886814991787367,33191,0.9449152542372882,0.8495238095238096,944,0.9025893958076449,0.9650626235992089,1622,1.0,1.0,2,0.06532663316582915,0.2549019607843137,398,0.997179125528914,0.995774647887324,709,0.998404085541015,0.998404085541015,3133
1.0,cse_cic_ids2018_draw2,random_forest,34,0.9830995774894372,7.83,,0.9972884215600615,0.9886502792628655,33191,0.951271186440678,0.8487712665406427,944,0.9013563501849569,0.9688535453943009,1622,1.0,1.0,2,0.06281407035175879,0.2403846153846154,398,0.997179125528914,0.995774647887324,709,0.998404085541015,0.9977671451355662,3133
1.0,cse_cic_ids2018_draw2,random_forest,35,0.9831245781144529,7.88,,0.997408936157392,0.9886221107328436,33191,0.9523305084745762,0.8465160075329566,944,0.8995067817509248,0.9694352159468439,1622,1.0,1.0,2,0.06030150753768844,0.24242424242424243,398,0.997179125528914,0.9943741209563994,709,0.998404085541015,0.998085513720485,3133
1.0,cse_cic_ids2018_draw2,random_forest,36,0.9831995799894997,7.79,,0.997589708053388,0.9885946317140896,33191,0.9449152542372882,0.8495238095238096,944,0.9025893958076449,0.9650626235992089,1622,1.0,1.0,2,0.05778894472361809,0.25842696629213485,398,0.997179125528914,0.9901960784313726,709,0.998404085541015,0.998085513720485,3133
1.0,cse_cic_ids2018_draw2,random_forest,37,0.9831745793644842,7.75,,0.9974691934560573,0.9886818371856896,33191,0.9438559322033898,0.8501908396946565,944,0.9032059186189889,0.9644502962475313,1622,1.0,1.0,2,0.06532663316582915,0.25,398,0.997179125528914,0.995774647887324,709,0.998404085541015,0.9993610223642172,3133
1.0,cse_cic_ids2018_draw2,random_forest,38,0.983049576239406,7.72,,0.9973788075080594,0.9886217709422129,33191,0.9449152542372882,0.8495238095238096,944,0.9025893958076449,0.9650626235992089,1622,1.0,1.0,2,0.06030150753768844,0.24242424242424243,398,0.997179125528914,0.9943741209563994,709,0.998404085541015,0.9977671451355662,3133
1.0,cse_cic_ids2018_draw2,random_forest,39,0.9829995749893747,7.7,,0.9972582929107288,0.9886794707129842,33191,0.9449152542372882,0.8495238095238096,944,0.9025893958076449,0.9650626235992089,1622,1.0,1.0,2,0.06532663316582915,0.2549019607843137,398,0.997179125528914,0.9943741209563994,709,0.998404085541015,0.9968132568514978,3133
1.0,cse_cic_ids2018_draw2,shallow_mlp,0,0.9834745868646716,84.87,37,0.9993070410653491,0.9878190427971528,33191,0.9533898305084746,0.8317929759704251,944,0.8877928483353884,0.9645010046885466,1622,0.0,nan,2,0.0,nan,398,0.997179125528914,0.995774647887324,709,0.99680817108203,0.9955371373924131,3133
1.0,cse_cic_ids2018_draw2,shallow_mlp,1,0.9834745868646716,77.92,37,0.9995480702600102,0.9876160990712074,33191,0.9565677966101694,0.828440366972477,944,0.8847102342786684,0.9656796769851952,1622,0.0,nan,2,0.0,nan,398,0.997179125528914,0.998587570621469,709,0.994893073731248,0.9980787704130644,3133
1.0,cse_cic_ids2018_draw2,shallow_mlp,2,0.9833995849896248,76.49,36,0.9994576843120123,0.9876443968083839,33191,0.9576271186440678,0.8278388278388278,944,0.8791615289765722,0.9707283866575902,1622,0.0,nan,2,0.0,0.0,398,0.998589562764457,0.9943820224719101,709,0.997127353973827,0.9958559132929551,3133
1.0,cse_cic_ids2018_draw2,shallow_mlp,3,0.9835245881147029,77.18,38,0.9991865264680184,0.9879058683348227,33191,0.9491525423728814,0.835820895522388,944,0.8921085080147966,0.9608233731739708,1622,0.0,nan,2,0.0,nan,398,0.997179125528914,0.995774647887324,709,0.997765719757421,0.9952244508118434,3133
1.0,cse_cic_ids2018_draw2,shallow_mlp,4,0.9835495887397185,72.71,35,0.9992467837666837,0.9879360162044621,33191,0.951271186440678,0.8337975858867224,944,0.8896424167694205,0.962641761174116,1622,0.0,nan,2,0.0,nan,398,0.998589562764457,0.9943820224719101,709,0.997765719757421,0.9955414012738854,3133
1.0,cse_cic_ids2018_draw2,shallow_mlp,5,0.9836995924898122,103.78,50,0.9993672983640144,0.9878786073800518,33191,0.9523305084745762,0.8355018587360595,944,0.8908754623921085,0.9652638610554443,1622,0.0,nan,2,0.005025125628140704,0.4,398,0.998589562764457,0.9971830985915493,709,0.99680817108203,0.9964901084875558,3133
1.0,cse_cic_ids2018_draw2,shallow_mlp,6,0.9834745868646716,51.5,25,0.9992769124160163,0.9878186800095307,33191,0.9533898305084746,0.8325624421831638,944,0.8884093711467325,0.9625918503674015,1622,0.0,nan,2,0.007537688442211055,0.5,398,0.997179125528914,0.9929775280898876,709,0.995850622406639,0.9977614326830828,3133
1.0,cse_cic_ids2018_draw2,shallow_mlp,7,0.9838995974899373,66.22,30,0.999397427013347,0.9877613006968019,33191,0.9438559322033898,0.8493803622497617,944,0.8976572133168927,0.9629629629629629,1622,0.0,nan,2,0.007537688442211055,0.5,398,0.998589562764457,0.9957805907172996,709,0.997765719757421,0.9958585536795158,3133
1.0,cse_cic_ids2018_draw2,shallow_mlp,8,0.9834745868646716,104.39,50,0.9991865264680184,0.9879058683348227,33191,0.9533898305084746,0.8317929759704251,944,0.8877928483353884,0.9625668449197861,1622,0.0,nan,2,0.007537688442211055,0.5,398,0.998589562764457,0.9957805907172996,709,0.99680817108203,0.9964901084875558,3133
1.0,cse_cic_ids2018_draw2,shallow_mlp,9,0.983449586239656,104.88,50,0.9994275556626796,0.9879381719629509,33191,0.9036016949152542,0.8555667001003009,944,0.9112207151664612,0.9378172588832487,1622,0.0,nan,2,0.007537688442211055,0.5,398,0.998589562764457,1.0,709,0.99680817108203,0.9961722488038277,3133
1.0,cse_cic_ids2018_draw2,shallow_mlp,10,0.9830995774894372,100.97,47,0.9990358832213552,0.9878746350473694,33191,0.9036016949152542,0.8555667001003009,944,0.9112207151664612,0.9330808080808081,1622,0.0,nan,2,0.007537688442211055,0.5,398,0.997179125528914,0.9943741209563994,709,0.99680817108203,0.9961722488038277,3133
1.0,cse_cic_ids2018_draw2,shallow_mlp,11,0.9838245956148903,61.17,28,0.999397427013347,0.9877318881576989,33191,0.934322033898305,0.8546511627906976,944,0.9075215782983971,0.9521345407503234,1622,0.0,nan,2,0.0,nan,398,0.997179125528914,0.9943741209563994,709,0.995850622406639,0.9977614326830828,3133
1.0,cse_cic_ids2018_draw2,shallow_mlp,12,0.9836245906147654,101.28,46,0.9994275556626796,0.9877616651281899,33191,0.951271186440678,0.8361266294227188,944,0.8914919852034525,0.9607973421926911,1622,0.0,nan,2,0.002512562814070352,0.3333333333333333,398,0.998589562764457,1.0,709,0.995531439514842,0.9977607165706974,3133
1.0,cse_cic_ids2018_draw2,shallow_mlp,13,0.9835745893647341,68.27,30,0.9994275556626796,0.9877616651281899,33191,0.9544491525423728,0.83271719038817,944,0.8834771886559802,0.9688979039891819,1622,0.0,nan,2,0.007537688442211055,0.5,398,0.997179125528914,0.995774647887324,709,0.997765719757421,0.9958585536795158,3133
1.0,cse_cic_ids2018_draw2,shallow_mlp,14,0.9839495987399685,71.28,31,0.9993672983640144,0.9878197683075732,33191,0.9417372881355932,0.8515325670498084,944,0.9044389642416769,0.9581972566949706,1622,0.0,nan,2,0.0,nan,398,0.998589562764457,0.9957805907172996,709,0.99680817108203,0.9964901084875558,3133
1.0,cse_cic_ids2018_draw2,shallow_mlp,15,0.9833745843646091,52.78,23,0.9994878129613449,0.9875859605251407,33191,0.9565677966101694,0.828440366972477,944,0.8797780517879161,0.9694293478260869,1622,0.0,nan,2,0.007537688442211055,0.5,398,0.997179125528914,0.9915848527349228,709,0.995850622406639,0.9977614326830828,3133
1.0,cse_cic_ids2018_draw2,shallow_mlp,16,0.9835245881147029,112.61,50,0.9993672983640144,0.9878786073800518,33191,0.9576271186440678,0.8278388278388278,944,0.8840937114673243,0.9682646860229575,1622,0.0,nan,2,0.0,nan,398,0.998589562764457,0.9957805907172996,709,0.997127353973827,0.9955385595920969,3133
1.0,cse_cic_ids2018_draw2,shallow_mlp,17,0.9836995924898122,86.36,38,0.9993672983640144,0.9878197683075732,33191,0.951271186440678,0.838468720821662,944,0.8884093711467325,0.9671140939597316,1622,0.0,nan,2,0.007537688442211055,0.5,398,0.998589562764457,0.9957805907172996,709,0.998084902649218,0.9952259707192871,3133
1.0,cse_cic_ids2018_draw2,shallow_mlp,18,0.9836995924898122,86.88,38,0.9993371697146817,0.9879665207160516,33191,0.948093220338983,0.8372310570626754,944,0.8927250308261405,0.9608493696084937,1622,0.0,nan,2,0.0,nan,398,0.998589562764457,1.0,709,0.998084902649218,0.9952259707192871,3133
1.0,cse_cic_ids2018_draw2,shallow_mlp,19,0.9835245881147029,75.05,33,0.9992769124160163,0.9877892605057033,33191,0.9184322033898306,0.8558736426456071,944,0.9106041923551171,0.9419642857142857,1622,0.0,nan,2,0.0,nan,398,0.998589562764457,0.9957805907172996,709,0.996169805298436,0.9971246006389777,3133
1.0,cse_cic_ids2018_draw2,shallow_mlp,20,0.9835995899897497,79.18,35,0.9994275556626796,0.987879329342744,33191,0.9597457627118644,0.8273972602739726,944,0.8834771886559802,0.969553450608931,1622,0.0,nan,2,0.0,nan,398,0.997179125528914,0.997179125528914,709,0.997446536865624,0.9958572339069471,3133
1.0,cse_cic_ids2018_draw2,shallow_mlp,21,0.9835245881147029,68.06,30,0.9994275556626796,0.9877028435313384,33191,0.9544491525423728,0.83271719038817,944,0.8834771886559802,0.9688979039891819,1622,0.0,nan,2,0.007537688442211055,0.5,398,0.998589562764457,0.9957805907172996,709,0.99680817108203,0.9958545918367347,3133
1.0,cse_cic_ids2018_draw2,shallow_mlp,22,0.9835995899897497,91.27,41,0.9993672983640144,0.9878786073800518,33191,0.9544491525423728,0.8311808118081181,944,0.8871763255240444,0.9638312123241795,1622,0.0,nan,2,0.007537688442211055,0.75,398,0.997179125528914,1.0,709,0.99680817108203,0.9964901084875558,3133
1.0,cse_cic_ids2018_draw2,shallow_mlp,23,0.981574539363484,69.28,31,0.9994576843120123,0.9877914420986809,33191,0.7129237288135594,0.9505649717514124,944,0.9784217016029593,0.8495717344753747,1622,0.0,nan,2,0.0,nan,398,0.998589562764457,0.9957805907172996,709,0.996169805298436,0.9974432726110578,3133
1.0,cse_cic_ids2018_draw2,shallow_mlp,24,0.9834995874896872,78.03,35,0.9994576843120123,0.987614993003662,33191,0.9491525423728814,0.8366013071895425,944,0.8871763255240444,0.9651240778001341,1622,0.0,nan,2,0.0,nan,398,0.998589562764457,0.9943820224719101,709,0.99680817108203,0.9958545918367347,3133
1.0,cse_cic_ids2018_draw2,shallow_mlp,25,0.9834245856146404,82.08,38,0.9992166551173511,0.9879356568364611,33191,0.9110169491525424,0.8557213930348259,944,0.9106041923551171,0.9389701207883026,1622,0.0,nan,2,0.007537688442211055,0.5,398,0.998589562764457,0.9971830985915493,709,0.99680817108203,0.9961722488038277,3133
1.0,cse_cic_ids2018_draw2,shallow_mlp,26,0.9835745893647341,61.97,29,0.9994878129613449,0.9877329839814208,33191,0.9491525423728814,0.8350419384902144,944,0.8908754623921085,0.9620505992010653,1622,0.0,nan,2,0.0,nan,398,0.997179125528914,0.9943741209563994,709,0.995850622406639,0.9977614326830828,3133
1.0,cse_cic_ids2018_draw2,shallow_mlp,27,0.9813245331133278,83.68,39,0.9990961405200205,0.9879047874400453,33191,0.7097457627118644,0.950354609929078,944,0.9784217016029593,0.8459488272921108,1622,0.0,nan,2,0.007537688442211055,0.5,398,0.998589562764457,0.9957805907172996,709,0.99680817108203,0.9964901084875558,3133
1.0,cse_cic_ids2018_draw2,shallow_mlp,28,0.983449586239656,74.88,35,0.9994576843120123,0.9876738023640099,33191,0.9555084745762712,0.8298068077276909,944,0.8810110974106042,0.9694708276797829,1622,0.0,nan,2,0.0,nan,398,0.997179125528914,0.9943741209563994,709,0.997765719757421,0.9955414012738854,3133
1.0,cse_cic_ids2018_draw2,shallow_mlp,29,0.9836745918647967,81.09,38,0.9992166551173511,0.9879356568364611,33191,0.9491525423728814,0.8397375820056232,944,0.8945745992601726,0.9615639496355202,1622,0.0,nan,2,0.0,nan,398,0.998589562764457,0.9943820224719101,709,0.997765719757421,0.9952244508118434,3133
1.0,cse_cic_ids2018_draw2,shallow_mlp,30,0.9815245381134529,79.9,37,0.999397427013347,0.9879083896715013,33191,0.7076271186440678,0.9515669515669516,944,0.9790382244143033,0.848743987172635,1622,0.0,nan,2,0.007537688442211055,0.5,398,0.997179125528914,1.0,709,0.99680817108203,0.9958545918367347,3133
1.0,cse_cic_ids2018_draw2,shallow_mlp,31,0.983649591239781,59.19,28,0.9994275556626796,0.9878204937315744,33191,0.9491525423728814,0.835820895522388,944,0.8921085080147966,0.9633821571238349,1622,0.0,nan,2,0.007537688442211055,0.5,398,0.997179125528914,0.9943741209563994,709,0.995850622406639,0.9977614326830828,3133
1.0,cse_cic_ids2018_draw2,shallow_mlp,32,0.983649591239781,75.51,35,0.9994275556626796,0.9878499106611078,33191,0.9565677966101694,0.8314917127071824,944,0.8871763255240444,0.9677202420981843,1622,0.0,nan,2,0.0,nan,398,0.998589562764457,0.9957805907172996,709,0.99680817108203,0.9961722488038277,3133
1.0,cse_cic_ids2018_draw2,shallow_mlp,33,0.9833495837395935,48.58,23,0.9990961405200205,0.9878459292799905,33191,0.9544491525423728,0.8319482917820868,944,0.8877928483353884,0.963855421686747,1622,0.0,nan,2,0.0,nan,398,0.998589562764457,0.9888268156424581,709,0.99680817108203,0.9955371373924131,3133
1.0,cse_cic_ids2018_draw2,shallow_mlp,34,0.9833745843646091,78.99,35,0.999397427013347,0.9876730683340778,33191,0.961864406779661,0.8254545454545454,944,0.8766954377311961,0.9726402188782489,1622,0.0,nan,2,0.0,nan,398,0.997179125528914,0.9943741209563994,709,0.997765719757421,0.9952244508118434,3133
1.0,cse_cic_ids2018_draw2,shallow_mlp,35,0.9834245856146404,62.85,29,0.9996685848573409,0.9875,33191,0.909957627118644,0.8555776892430279,944,0.906288532675709,0.9423076923076923,1622,0.0,nan,2,0.0,nan,398,0.997179125528914,0.998587570621469,709,0.995850622406639,0.9977614326830828,3133
1.0,cse_cic_ids2018_draw2,shallow_mlp,36,0.9839495987399685,55.48,25,0.9994576843120123,0.9877620295378752,33191,0.940677966101695,0.8513902205177373,944,0.9044389642416769,0.9581972566949706,1622,0.0,nan,2,0.005025125628140704,0.6666666666666666,398,0.997179125528914,0.9929775280898876,709,0.995850622406639,0.9980806142034548,3133
1.0,cse_cic_ids2018_draw2,shallow_mlp,37,0.9839745993649841,70.2,32,0.9995781989093429,0.9876458680638247,33191,0.9427966101694916,0.8516746411483254,944,0.8995067817509248,0.961133069828722,1622,0.0,nan,2,0.007537688442211055,0.5,398,0.997179125528914,0.998587570621469,709,0.996488988190233,0.997444089456869,3133
1.0,cse_cic_ids2018_draw2,shallow_mlp,38,0.9835495887397185,83.19,37,0.999397427013347,0.9877907149876418,33191,0.9533898305084746,0.8317929759704251,944,0.8877928483353884,0.96579476861167,1622,0.0,nan,2,0.0,0.0,398,0.997179125528914,0.997179125528914,709,0.99680817108203,0.9964901084875558,3133
1.0,cse_cic_ids2018_draw2,shallow_mlp,39,0.9834245856146404,60.59,27,0.9995179416106776,0.9876157304039772,33191,0.9555084745762712,0.8290441176470589,944,0.8803945745992602,0.9687924016282226,1622,0.0,nan,2,0.007537688442211055,0.5,398,0.997179125528914,0.9929775280898876,709,0.996169805298436,0.9977621483375959,3133
1.0,cse_cic_ids2018_draw2,logistic_regression,0,0.9472486812170304,238.01,,0.9880087975656051,0.9570965764819193,33191,0.9036016949152542,0.8445544554455445,944,0.908138101109741,0.8916464891041163,1622,0.0,nan,2,0.005025125628140704,0.2857142857142857,398,0.4894217207334274,0.8920308483290489,709,0.7727417810405363,0.9040328603435399,3133
1.0,cse_cic_ids2018_draw2,logistic_regression,1,0.9472486812170304,239.67,,0.9880087975656051,0.9570965764819193,33191,0.9036016949152542,0.8445544554455445,944,0.908138101109741,0.8916464891041163,1622,0.0,nan,2,0.005025125628140704,0.2857142857142857,398,0.4894217207334274,0.8920308483290489,709,0.7727417810405363,0.9040328603435399,3133
1.0,cse_cic_ids2018_draw2,logistic_regression,2,0.9472486812170304,239.07,,0.9880087975656051,0.9570965764819193,33191,0.9036016949152542,0.8445544554455445,944,0.908138101109741,0.8916464891041163,1622,0.0,nan,2,0.005025125628140704,0.2857142857142857,398,0.4894217207334274,0.8920308483290489,709,0.7727417810405363,0.9040328603435399,3133
1.0,cse_cic_ids2018_draw2,logistic_regression,3,0.9472486812170304,249.12,,0.9880087975656051,0.9570965764819193,33191,0.9036016949152542,0.8445544554455445,944,0.908138101109741,0.8916464891041163,1622,0.0,nan,2,0.005025125628140704,0.2857142857142857,398,0.4894217207334274,0.8920308483290489,709,0.7727417810405363,0.9040328603435399,3133
1.0,cse_cic_ids2018_draw2,logistic_regression,4,0.9472486812170304,249.37,,0.9880087975656051,0.9570965764819193,33191,0.9036016949152542,0.8445544554455445,944,0.908138101109741,0.8916464891041163,1622,0.0,nan,2,0.005025125628140704,0.2857142857142857,398,0.4894217207334274,0.8920308483290489,709,0.7727417810405363,0.9040328603435399,3133
1.0,cse_cic_ids2018_draw2,logistic_regression,5,0.9472486812170304,240.01,,0.9880087975656051,0.9570965764819193,33191,0.9036016949152542,0.8445544554455445,944,0.908138101109741,0.8916464891041163,1622,0.0,nan,2,0.005025125628140704,0.2857142857142857,398,0.4894217207334274,0.8920308483290489,709,0.7727417810405363,0.9040328603435399,3133
1.0,cse_cic_ids2018_draw2,logistic_regression,6,0.9472486812170304,237.93,,0.9880087975656051,0.9570965764819193,33191,0.9036016949152542,0.8445544554455445,944,0.908138101109741,0.8916464891041163,1622,0.0,nan,2,0.005025125628140704,0.2857142857142857,398,0.4894217207334274,0.8920308483290489,709,0.7727417810405363,0.9040328603435399,3133
1.0,cse_cic_ids2018_draw2,logistic_regression,7,0.9472486812170304,238.48,,0.9880087975656051,0.9570965764819193,33191,0.9036016949152542,0.8445544554455445,944,0.908138101109741,0.8916464891041163,1622,0.0,nan,2,0.005025125628140704,0.2857142857142857,398,0.4894217207334274,0.8920308483290489,709,0.7727417810405363,0.9040328603435399,3133
1.0,cse_cic_ids2018_draw2,logistic_regression,8,0.9472486812170304,238.78,,0.9880087975656051,0.9570965764819193,33191,0.9036016949152542,0.8445544554455445,944,0.908138101109741,0.8916464891041163,1622,0.0,nan,2,0.005025125628140704,0.2857142857142857,398,0.4894217207334274,0.8920308483290489,709,0.7727417810405363,0.9040328603435399,3133
1.0,cse_cic_ids2018_draw2,logistic_regression,9,0.9472486812170304,238.19,,0.9880087975656051,0.9570965764819193,33191,0.9036016949152542,0.8445544554455445,944,0.908138101109741,0.8916464891041163,1622,0.0,nan,2,0.005025125628140704,0.2857142857142857,398,0.4894217207334274,0.8920308483290489,709,0.7727417810405363,0.9040328603435399,3133
1.0,cse_cic_ids2018_draw2,logistic_regression,10,0.9472486812170304,254.58,,0.9880087975656051,0.9570965764819193,33191,0.9036016949152542,0.8445544554455445,944,0.908138101109741,0.8916464891041163,1622,0.0,nan,2,0.005025125628140704,0.2857142857142857,398,0.4894217207334274,0.8920308483290489,709,0.7727417810405363,0.9040328603435399,3133
1.0,cse_cic_ids2018_draw2,logistic_regression,11,0.9472486812170304,254.05,,0.9880087975656051,0.9570965764819193,33191,0.9036016949152542,0.8445544554455445,944,0.908138101109741,0.8916464891041163,1622,0.0,nan,2,0.005025125628140704,0.2857142857142857,398,0.4894217207334274,0.8920308483290489,709,0.7727417810405363,0.9040328603435399,3133
1.0,cse_cic_ids2018_draw2,logistic_regression,12,0.9472486812170304,257.45,,0.9880087975656051,0.9570965764819193,33191,0.9036016949152542,0.8445544554455445,944,0.908138101109741,0.8916464891041163,1622,0.0,nan,2,0.005025125628140704,0.2857142857142857,398,0.4894217207334274,0.8920308483290489,709,0.7727417810405363,0.9040328603435399,3133
1.0,cse_cic_ids2018_draw2,logistic_regression,13,0.9472486812170304,256.74,,0.9880087975656051,0.9570965764819193,33191,0.9036016949152542,0.8445544554455445,944,0.908138101109741,0.8916464891041163,1622,0.0,nan,2,0.005025125628140704,0.2857142857142857,398,0.4894217207334274,0.8920308483290489,709,0.7727417810405363,0.9040328603435399,3133
1.0,cse_cic_ids2018_draw2,logistic_regression,14,0.9472486812170304,260.49,,0.9880087975656051,0.9570965764819193,33191,0.9036016949152542,0.8445544554455445,944,0.908138101109741,0.8916464891041163,1622,0.0,nan,2,0.005025125628140704,0.2857142857142857,398,0.4894217207334274,0.8920308483290489,709,0.7727417810405363,0.9040328603435399,3133
1.0,cse_cic_ids2018_draw2,logistic_regression,15,0.9472486812170304,256.63,,0.9880087975656051,0.9570965764819193,33191,0.9036016949152542,0.8445544554455445,944,0.908138101109741,0.8916464891041163,1622,0.0,nan,2,0.005025125628140704,0.2857142857142857,398,0.4894217207334274,0.8920308483290489,709,0.7727417810405363,0.9040328603435399,3133
1.0,cse_cic_ids2018_draw2,logistic_regression,16,0.9472486812170304,257.03,,0.9880087975656051,0.9570965764819193,33191,0.9036016949152542,0.8445544554455445,944,0.908138101109741,0.8916464891041163,1622,0.0,nan,2,0.005025125628140704,0.2857142857142857,398,0.4894217207334274,0.8920308483290489,709,0.7727417810405363,0.9040328603435399,3133
1.0,cse_cic_ids2018_draw2,logistic_regression,17,0.9472486812170304,256.24,,0.9880087975656051,0.9570965764819193,33191,0.9036016949152542,0.8445544554455445,944,0.908138101109741,0.8916464891041163,1622,0.0,nan,2,0.005025125628140704,0.2857142857142857,398,0.4894217207334274,0.8920308483290489,709,0.7727417810405363,0.9040328603435399,3133
1.0,cse_cic_ids2018_draw2,logistic_regression,18,0.9472486812170304,258.13,,0.9880087975656051,0.9570965764819193,33191,0.9036016949152542,0.8445544554455445,944,0.908138101109741,0.8916464891041163,1622,0.0,nan,2,0.005025125628140704,0.2857142857142857,398,0.4894217207334274,0.8920308483290489,709,0.7727417810405363,0.9040328603435399,3133
1.0,cse_cic_ids2018_draw2,logistic_regression,19,0.9472486812170304,259.12,,0.9880087975656051,0.9570965764819193,33191,0.9036016949152542,0.8445544554455445,944,0.908138101109741,0.8916464891041163,1622,0.0,nan,2,0.005025125628140704,0.2857142857142857,398,0.4894217207334274,0.8920308483290489,709,0.7727417810405363,0.9040328603435399,3133
1.0,cse_cic_ids2018_draw2,logistic_regression,20,0.9472486812170304,265.76,,0.9880087975656051,0.9570965764819193,33191,0.9036016949152542,0.8445544554455445,944,0.908138101109741,0.8916464891041163,1622,0.0,nan,2,0.005025125628140704,0.2857142857142857,398,0.4894217207334274,0.8920308483290489,709,0.7727417810405363,0.9040328603435399,3133
1.0,cse_cic_ids2018_draw2,logistic_regression,21,0.9472486812170304,261.6,,0.9880087975656051,0.9570965764819193,33191,0.9036016949152542,0.8445544554455445,944,0.908138101109741,0.8916464891041163,1622,0.0,nan,2,0.005025125628140704,0.2857142857142857,398,0.4894217207334274,0.8920308483290489,709,0.7727417810405363,0.9040328603435399,3133
1.0,cse_cic_ids2018_draw2,logistic_regression,22,0.9472486812170304,260.44,,0.9880087975656051,0.9570965764819193,33191,0.9036016949152542,0.8445544554455445,944,0.908138101109741,0.8916464891041163,1622,0.0,nan,2,0.005025125628140704,0.2857142857142857,398,0.4894217207334274,0.8920308483290489,709,0.7727417810405363,0.9040328603435399,3133
1.0,cse_cic_ids2018_draw2,logistic_regression,23,0.9472486812170304,255.88,,0.9880087975656051,0.9570965764819193,33191,0.9036016949152542,0.8445544554455445,944,0.908138101109741,0.8916464891041163,1622,0.0,nan,2,0.005025125628140704,0.2857142857142857,398,0.4894217207334274,0.8920308483290489,709,0.7727417810405363,0.9040328603435399,3133
1.0,cse_cic_ids2018_draw2,logistic_regression,24,0.9472486812170304,259.71,,0.9880087975656051,0.9570965764819193,33191,0.9036016949152542,0.8445544554455445,944,0.908138101109741,0.8916464891041163,1622,0.0,nan,2,0.005025125628140704,0.2857142857142857,398,0.4894217207334274,0.8920308483290489,709,0.7727417810405363,0.9040328603435399,3133
1.0,cse_cic_ids2018_draw2,logistic_regression,25,0.9472486812170304,258.86,,0.9880087975656051,0.9570965764819193,33191,0.9036016949152542,0.8445544554455445,944,0.908138101109741,0.8916464891041163,1622,0.0,nan,2,0.005025125628140704,0.2857142857142857,398,0.4894217207334274,0.8920308483290489,709,0.7727417810405363,0.9040328603435399,3133
1.0,cse_cic_ids2018_draw2,logistic_regression,26,0.9472486812170304,241.49,,0.9880087975656051,0.9570965764819193,33191,0.9036016949152542,0.8445544554455445,944,0.908138101109741,0.8916464891041163,1622,0.0,nan,2,0.005025125628140704,0.2857142857142857,398,0.4894217207334274,0.8920308483290489,709,0.7727417810405363,0.9040328603435399,3133
1.0,cse_cic_ids2018_draw2,logistic_regression,27,0.9472486812170304,241.06,,0.9880087975656051,0.9570965764819193,33191,0.9036016949152542,0.8445544554455445,944,0.908138101109741,0.8916464891041163,1622,0.0,nan,2,0.005025125628140704,0.2857142857142857,398,0.4894217207334274,0.8920308483290489,709,0.7727417810405363,0.9040328603435399,3133
1.0,cse_cic_ids2018_draw2,logistic_regression,28,0.9472486812170304,239.86,,0.9880087975656051,0.9570965764819193,33191,0.9036016949152542,0.8445544554455445,944,0.908138101109741,0.8916464891041163,1622,0.0,nan,2,0.005025125628140704,0.2857142857142857,398,0.4894217207334274,0.8920308483290489,709,0.7727417810405363,0.9040328603435399,3133
1.0,cse_cic_ids2018_draw2,logistic_regression,29,0.9472486812170304,239.03,,0.9880087975656051,0.9570965764819193,33191,0.9036016949152542,0.8445544554455445,944,0.908138101109741,0.8916464891041163,1622,0.0,nan,2,0.005025125628140704,0.2857142857142857,398,0.4894217207334274,0.8920308483290489,709,0.7727417810405363,0.9040328603435399,3133
1.0,cse_cic_ids2018_draw2,logistic_regression,30,0.9472486812170304,239.48,,0.9880087975656051,0.9570965764819193,33191,0.9036016949152542,0.8445544554455445,944,0.908138101109741,0.8916464891041163,1622,0.0,nan,2,0.005025125628140704,0.2857142857142857,398,0.4894217207334274,0.8920308483290489,709,0.7727417810405363,0.9040328603435399,3133
1.0,cse_cic_ids2018_draw2,logistic_regression,31,0.9472486812170304,250.98,,0.9880087975656051,0.9570965764819193,33191,0.9036016949152542,0.8445544554455445,944,0.908138101109741,0.8916464891041163,1622,0.0,nan,2,0.005025125628140704,0.2857142857142857,398,0.4894217207334274,0.8920308483290489,709,0.7727417810405363,0.9040328603435399,3133
1.0,cse_cic_ids2018_draw2,logistic_regression,32,0.9472486812170304,240.63,,0.9880087975656051,0.9570965764819193,33191,0.9036016949152542,0.8445544554455445,944,0.908138101109741,0.8916464891041163,1622,0.0,nan,2,0.005025125628140704,0.2857142857142857,398,0.4894217207334274,0.8920308483290489,709,0.7727417810405363,0.9040328603435399,3133
1.0,cse_cic_ids2018_draw2,logistic_regression,33,0.9472486812170304,241.23,,0.9880087975656051,0.9570965764819193,33191,0.9036016949152542,0.8445544554455445,944,0.908138101109741,0.8916464891041163,1622,0.0,nan,2,0.005025125628140704,0.2857142857142857,398,0.4894217207334274,0.8920308483290489,709,0.7727417810405363,0.9040328603435399,3133
1.0,cse_cic_ids2018_draw2,logistic_regression,34,0.9472486812170304,239.4,,0.9880087975656051,0.9570965764819193,33191,0.9036016949152542,0.8445544554455445,944,0.908138101109741,0.8916464891041163,1622,0.0,nan,2,0.005025125628140704,0.2857142857142857,398,0.4894217207334274,0.8920308483290489,709,0.7727417810405363,0.9040328603435399,3133
1.0,cse_cic_ids2018_draw2,logistic_regression,35,0.9472486812170304,239.92,,0.9880087975656051,0.9570965764819193,33191,0.9036016949152542,0.8445544554455445,944,0.908138101109741,0.8916464891041163,1622,0.0,nan,2,0.005025125628140704,0.2857142857142857,398,0.4894217207334274,0.8920308483290489,709,0.7727417810405363,0.9040328603435399,3133
1.0,cse_cic_ids2018_draw2,logistic_regression,36,0.9472486812170304,240.14,,0.9880087975656051,0.9570965764819193,33191,0.9036016949152542,0.8445544554455445,944,0.908138101109741,0.8916464891041163,1622,0.0,nan,2,0.005025125628140704,0.2857142857142857,398,0.4894217207334274,0.8920308483290489,709,0.7727417810405363,0.9040328603435399,3133
1.0,cse_cic_ids2018_draw2,logistic_regression,37,0.9472486812170304,238.43,,0.9880087975656051,0.9570965764819193,33191,0.9036016949152542,0.8445544554455445,944,0.908138101109741,0.8916464891041163,1622,0.0,nan,2,0.005025125628140704,0.2857142857142857,398,0.4894217207334274,0.8920308483290489,709,0.7727417810405363,0.9040328603435399,3133
1.0,cse_cic_ids2018_draw2,logistic_regression,38,0.9472486812170304,238.68,,0.9880087975656051,0.9570965764819193,33191,0.9036016949152542,0.8445544554455445,944,0.908138101109741,0.8916464891041163,1622,0.0,nan,2,0.005025125628140704,0.2857142857142857,398,0.4894217207334274,0.8920308483290489,709,0.7727417810405363,0.9040328603435399,3133
1.0,cse_cic_ids2018_draw2,logistic_regression,39,0.9472486812170304,239.55,,0.9880087975656051,0.9570965764819193,33191,0.9036016949152542,0.8445544554455445,944,0.908138101109741,0.8916464891041163,1622,0.0,nan,2,0.005025125628140704,0.2857142857142857,398,0.4894217207334274,0.8920308483290489,709,0.7727417810405363,0.9040328603435399,3133
1.0,cse_cic_ids2018_draw2,dnn,0,0.9833995849896248,107.64,26,0.9991563978186858,0.9879055080580297,33191,0.9597457627118644,0.8273972602739726,944,0.8834771886559802,0.9669365721997301,1622,0.0,nan,2,0.0,nan,398,0.997179125528914,0.9915848527349228,709,0.997765719757421,0.9955414012738854,3133
1.0,cse_cic_ids2018_draw2,dnn,1,0.9833495837395935,74.83,18,0.9994275556626796,0.9875558201845788,33191,0.9597457627118644,0.8273972602739726,944,0.8785450061652281,0.970708446866485,1622,0.0,nan,2,0.0,nan,398,0.997179125528914,0.9943741209563994,709,0.99680817108203,0.9961722488038277,3133
1.0,cse_cic_ids2018_draw2,dnn,2,0.9834745868646716,107.2,27,0.9996083275586756,0.987558042624122,33191,0.9576271186440678,0.8278388278388278,944,0.8791615289765722,0.9707283866575902,1622,0.0,nan,2,0.0,nan,398,0.997179125528914,0.998587570621469,709,0.99680817108203,0.9964901084875558,3133
1.0,cse_cic_ids2018_draw2,dnn,3,0.9833245831145778,90.05,23,0.9997589708053388,0.98714859437751,33191,0.9491525423728814,0.8350419384902144,944,0.8859432799013564,0.9657258064516129,1622,0.0,nan,2,0.0,nan,398,0.997179125528914,0.998587570621469,709,0.992339610596872,0.9980738362760835,3133
1.0,cse_cic_ids2018_draw2,dnn,4,0.9833995849896248,119.71,29,0.9994576843120123,0.9875855909496875,33191,0.9597457627118644,0.8273972602739726,944,0.8773119605425401,0.9719945355191257,1622,0.0,nan,2,0.007537688442211055,0.5,398,0.997179125528914,0.997179125528914,709,0.99680817108203,0.9961722488038277,3133
1.0,cse_cic_ids2018_draw2,dnn,5,0.9833995849896248,62.59,16,0.9993070410653491,0.9877896241586753,33191,0.9576271186440678,0.8278388278388278,944,0.8840937114673243,0.9637096774193549,1622,0.0,nan,2,0.0,nan,398,0.997179125528914,0.995774647887324,709,0.996488988190233,0.9971255190035132,3133
1.0,cse_cic_ids2018_draw2,dnn,6,0.983449586239656,75.67,19,0.9996384562080082,0.987499627965118,33191,0.9597457627118644,0.8273972602739726,944,0.8785450061652281,0.9720327421555253,1622,0.0,nan,2,0.0,nan,398,0.997179125528914,0.9929775280898876,709,0.995850622406639,0.9977614326830828,3133
1.0,cse_cic_ids2018_draw2,dnn,7,0.9833495837395935,114.27,28,0.9997288421560061,0.9872950697729774,33191,0.9597457627118644,0.8273972602739726,944,0.8828606658446363,0.969532836831415,1622,0.0,nan,2,0.0,nan,398,0.997179125528914,1.0,709,0.991382061921481,0.998392799742848,3133
1.0,cse_cic_ids2018_draw2,dnn,8,0.983449586239656,122.59,31,0.9992166551173511,0.9878768020969856,33191,0.9597457627118644,0.8273972602739726,944,0.8834771886559802,0.9643337819650067,1622,0.0,nan,2,0.0,nan,398,0.997179125528914,1.0,709,0.997765719757421,0.9958585536795158,3133
1.0,cse_cic_ids2018_draw2,dnn,9,0.9835745893647341,102.63,27,0.9993672983640144,0.9879080295449131,33191,0.9555084745762712,0.8290441176470589,944,0.8853267570900123,0.967003367003367,1622,0.0,nan,2,0.0,nan,398,0.998589562764457,0.9971830985915493,709,0.997765719757421,0.9955414012738854,3133
1.0,cse_cic_ids2018_draw2,dnn,10,0.9834245856146404,128.7,34,0.9991865264680184,0.9878764409758423,33191,0.9597457627118644,0.8266423357664233,944,0.8834771886559802,0.9649831649831649,1622,0.0,nan,2,0.002512562814070352,0.3333333333333333,398,0.998589562764457,1.0,709,0.997127353973827,0.9961734693877551,3133
1.0,cse_cic_ids2018_draw2,dnn,11,0.9833745843646091,103.88,28,0.9992467837666837,0.9877888968310699,33191,0.9555084745762712,0.8290441176470589,944,0.8853267570900123,0.9624664879356568,1622,0.0,nan,2,0.0,nan,398,0.997179125528914,0.997179125528914,709,0.99680817108203,0.9964901084875558,3133
1.0,cse_cic_ids2018_draw2,dnn,12,0.9832245806145153,95.73,25,0.9996083275586756,0.9874992559080897,33191,0.9036016949152542,0.8547094188376754,944,0.9112207151664612,0.9378172588832487,1622,0.0,nan,2,0.005025125628140704,0.6666666666666666,398,0.997179125528914,1.0,709,0.992658793488669,0.9977542508822586,3133
1.0,cse_cic_ids2018_draw2,dnn,13,0.9833495837395935,83.01,20,0.9993371697146817,0.9876723342167167,33191,0.9576271186440678,0.8278388278388278,944,0.8791615289765722,0.9707283866575902,1622,0.0,nan,2,0.0,nan,398,0.997179125528914,0.9901960784313726,709,0.998084902649218,0.9955428207577205,3133
1.0,cse_cic_ids2018_draw2,dnn,14,0.9835495887397185,122.79,31,0.9992467837666837,0.9878477393220945,33191,0.9586864406779662,0.8302752293577982,944,0.8865598027127004,0.9683501683501684,1622,0.0,nan,2,0.0,nan,398,0.997179125528914,0.9915848527349228,709,0.997446536865624,0.9961746891934969,3133
1.0,cse_cic_ids2018_draw2,dnn,15,0.9833745843646091,114.49,28,0.9996384562080082,0.9873820789810434,33191,0.9533898305084746,0.8310249307479224,944,0.8871763255240444,0.9657718120805369,1622,0.0,nan,2,0.0,nan,398,0.998589562764457,0.998589562764457,709,0.992020427705075,0.9980732177263969,3133
1.0,cse_cic_ids2018_draw2,dnn,16,0.9833245831145778,80.3,21,0.9994576843120123,0.9874973952906856,33191,0.9597457627118644,0.8236363636363636,944,0.8779284833538841,0.9720136518771331,1622,0.0,nan,2,0.007537688442211055,0.5,398,0.997179125528914,0.995774647887324,709,0.995531439514842,0.99808,3133
1.0,cse_cic_ids2018_draw2,dnn,17,0.9832745818645466,69.81,18,0.9992467837666837,0.9877006462372316,33191,0.9576271186440678,0.8278388278388278,944,0.8834771886559802,0.9623908663532572,1622,0.0,nan,2,0.0,nan,398,0.997179125528914,0.9929775280898876,709,0.995850622406639,0.9977614326830828,3133
1.0,cse_cic_ids2018_draw2,dnn,18,0.983449586239656,93.78,24,0.9993371697146817,0.9877899877899878,33191,0.9555084745762712,0.8290441176470589,944,0.8853267570900123,0.9657027572293208,1622,0.0,nan,2,0.0,nan,398,0.997179125528914,0.9943741209563994,709,0.99680817108203,0.9964901084875558,3133
1.0,cse_cic_ids2018_draw2,dnn,19,0.9836745918647967,119.94,31,0.9995480702600102,0.9877043079579624,33191,0.9586864406779662,0.8310376492194674,944,0.8865598027127004,0.9690026954177897,1622,0.0,nan,2,0.0,nan,398,0.997179125528914,0.995774647887324,709,0.995850622406639,0.9977614326830828,3133
1.0,cse_cic_ids2018_draw2,dnn,20,0.9833745843646091,74.76,19,0.9995781989093429,0.9874988838289133,33191,0.9576271186440678,0.8270814272644099,944,0.8791615289765722,0.9707283866575902,1622,0.0,nan,2,0.0,nan,398,0.997179125528914,0.9929775280898876,709,0.995850622406639,0.9974424552429667,3133
1.0,cse_cic_ids2018_draw2,dnn,21,0.9834245856146404,72.89,18,0.9996083275586756,0.9875286483912254,33191,0.9576271186440678,0.8278388278388278,944,0.8791615289765722,0.9700680272108844,1622,0.0,nan,2,0.0,nan,398,0.997179125528914,0.995774647887324,709,0.996169805298436,0.9971246006389777,3133
1.0,cse_cic_ids2018_draw2,dnn,22,0.9832995824895623,88.26,22,0.9997890994546714,0.9871489766777725,33191,0.9586864406779662,0.8287545787545788,944,0.8791615289765722,0.9713896457765667,1622,0.0,nan,2,0.0,nan,398,0.997179125528914,1.0,709,0.992339610596872,0.9977535301668806,3133
1.0,cse_cic_ids2018_draw2,dnn,23,0.9833745843646091,155.6,40,0.9996083275586756,0.9874404761904761,33191,0.9576271186440678,0.8270814272644099,944,0.8834771886559802,0.9682432432432433,1622,0.0,nan,2,0.0,nan,398,0.997179125528914,0.998587570621469,709,0.993297159272263,0.9980756895445798,3133
1.0,cse_cic_ids2018_draw2,dnn,24,0.9836245906147654,118.21,30,0.9996083275586756,0.9877344447752308,33191,0.9597457627118644,0.8273972602739726,944,0.8834771886559802,0.969553450608931,1622,0.0,nan,2,0.0,nan,398,0.997179125528914,0.997179125528914,709,0.995850622406639,0.9977614326830828,3133
1.0,cse_cic_ids2018_draw2,dnn,25,0.9834995874896872,108.5,27,0.999397427013347,0.9877613006968019,33191,0.9597457627118644,0.8266423357664233,944,0.8834771886559802,0.9688979039891819,1622,0.0,nan,2,0.005025125628140704,0.6666666666666666,398,0.997179125528914,0.9915848527349228,709,0.995850622406639,0.9980806142034548,3133
1.0,cse_cic_ids2018_draw2,dnn,26,0.9835995899897497,118.67,29,0.9995480702600102,0.9877043079579624,33191,0.9544491525423728,0.8311808118081181,944,0.8871763255240444,0.9644772117962467,1622,0.0,nan,2,0.0,nan,398,0.997179125528914,0.998587570621469,709,0.995850622406639,0.9980806142034548,3133
1.0,cse_cic_ids2018_draw2,dnn,27,0.9835745893647341,94.49,24,0.9996083275586756,0.9876168363398226,33191,0.9544491525423728,0.8311808118081181,944,0.8871763255240444,0.9664204163868368,1622,0.0,nan,2,0.0,nan,398,0.997179125528914,0.997179125528914,709,0.994893073731248,0.9980787704130644,3133
1.0,cse_cic_ids2018_draw2,dnn,28,0.9835245881147029,115.63,27,0.9997589708053388,0.9874717295560053,33191,0.9555084745762712,0.8290441176470589,944,0.8803945745992602,0.9694501018329938,1622,0.0,nan,2,0.0,nan,398,0.997179125528914,1.0,709,0.995850622406639,0.9977614326830828,3133
1.0,cse_cic_ids2018_draw2,dnn,29,0.9834745868646716,65.59,17,0.9991262691693531,0.9880228816589203,33191,0.9576271186440678,0.8278388278388278,944,0.8840937114673243,0.9637096774193549,1622,0.0,nan,2,0.007537688442211055,0.5,398,0.998589562764457,1.0,709,0.998084902649218,0.9955428207577205,3133
1.0,cse_cic_ids2018_draw2,dnn,30,0.983449586239656,89.38,23,0.999397427013347,0.9877318881576989,33191,0.9555084745762712,0.8282828282828283,944,0.8853267570900123,0.9624664879356568,1622,0.0,nan,2,0.0,nan,398,0.997179125528914,0.998587570621469,709,0.996169805298436,0.998081228014071,3133
1.0,cse_cic_ids2018_draw2,dnn,31,0.9837245931148278,78.59,20,0.9996083275586756,0.9876462358229393,33191,0.9216101694915254,0.8562992125984252,944,0.9099876695437731,0.9479768786127167,1622,0.0,nan,2,0.0,nan,398,0.9943582510578279,0.9985835694050992,709,0.995531439514842,0.9974416373520947,3133
1.0,cse_cic_ids2018_draw2,dnn,32,0.9832745818645466,85.51,22,0.9991563978186858,0.987934938036225,33191,0.9459745762711864,0.8306976744186046,944,0.8877928483353884,0.9568106312292359,1622,0.0,nan,2,0.0,nan,398,0.997179125528914,1.0,709,0.998084902649218,0.9945928753180662,3133
1.0,cse_cic_ids2018_draw2,dnn,33,0.9835495887397185,84.75,22,0.9996083275586756,0.9876462358229393,33191,0.9576271186440678,0.8278388278388278,944,0.8834771886559802,0.9675894665766374,1622,0.0,nan,2,0.0,nan,398,0.997179125528914,0.998587570621469,709,0.995531439514842,0.99808,3133
1.0,cse_cic_ids2018_draw2,dnn,34,0.9834995874896872,72.19,19,0.9994878129613449,0.9877035757882514,33191,0.9597457627118644,0.8273972602739726,944,0.8785450061652281,0.9713701431492843,1622,0.0,nan,2,0.005025125628140704,0.6666666666666666,398,0.997179125528914,0.997179125528914,709,0.997446536865624,0.9958572339069471,3133
1.0,cse_cic_ids2018_draw2,dnn,35,0.9829495737393434,60.45,16,0.9995781989093429,0.9874107142857143,33191,0.9353813559322034,0.8298872180451128,944,0.8822441430332922,0.9571906354515051,1622,0.0,nan,2,0.005025125628140704,0.6666666666666666,398,0.997179125528914,0.9929775280898876,709,0.994893073731248,0.99744,3133
1.0,cse_cic_ids2018_draw2,dnn,36,0.983049576239406,96.99,26,0.9994576843120123,0.987203523494926,33191,0.9576271186440678,0.8278388278388278,944,0.8834771886559802,0.9636852723604573,1622,0.0,nan,2,0.007537688442211055,0.5,398,0.997179125528914,1.0,709,0.989786147462496,0.9990335051546392,3133
1.0,cse_cic_ids2018_draw2,dnn,37,0.9834995874896872,83.39,23,0.9996083275586756,0.9875874386069355,33191,0.9597457627118644,0.8266423357664233,944,0.8785450061652281,0.9720327421555253,1622,0.0,nan,2,0.007537688442211055,0.5,398,0.997179125528914,0.997179125528914,709,0.995850622406639,0.9977614326830828,3133
1.0,cse_cic_ids2018_draw2,dnn,38,0.983449586239656,91.81,25,0.9993371697146817,0.9877899877899878,33191,0.961864406779661,0.8254545454545454,944,0.8816276202219482,0.9681787406905891,1622,0.0,nan,2,0.0,nan,398,0.997179125528914,0.998587570621469,709,0.99680817108203,0.9961722488038277,3133
1.0,cse_cic_ids2018_draw2,dnn,39,0.9834995874896872,125.7,34,0.9997288421560061,0.9875007440033331,33191,0.9576271186440678,0.8278388278388278,944,0.8785450061652281,0.970708446866485,1622,0.0,nan,2,0.0,nan,398,0.997179125528914,0.998587570621469,709,0.996169805298436,0.9974432726110578,3133
