config,n_jobs,mode,seed,repeat,accuracy,pred_hash,train_time_sec
baseline,-1,same_seed,0,0,0.7230748757984387,f84253685392,2.7
baseline,-1,same_seed,0,1,0.35335344215755854,27adfae845f4,2.3
baseline,-1,same_seed,0,2,0.7016057487579844,5115d934aca2,2.6
baseline,-1,same_seed,0,3,0.7254701916252662,3b6543d5a426,2.7
baseline,-1,same_seed,0,4,0.7460078069552875,d796b96c9459,2.5
baseline,-1,same_seed,0,5,0.6159510290986515,6c7a8e652adc,2.4
baseline,-1,different_seeds,0,0,0.6134226401703335,eedcd804d882,2.6
baseline,-1,different_seeds,1,0,0.6838626685592619,c79fbe12dfd9,2.5
baseline,-1,different_seeds,2,0,0.7547019162526615,08f553dd0b95,3.5
baseline,-1,different_seeds,3,0,0.6098296664300923,76aea0f3b7f5,2.9
baseline,-1,different_seeds,4,0,0.692068843151171,ef3479371e3d,2.3
baseline,-1,different_seeds,5,0,0.6908268275372604,8dc3c1608ba2,2.7
baseline,-1,different_seeds,6,0,0.7487136266855926,0b51ba3aea4a,2.8
baseline,-1,different_seeds,7,0,0.6847941802696949,2b0f444069df,2.7
baseline,1,same_seed,0,0,0.6147977288857346,20411e82106f,6.4
baseline,1,same_seed,0,1,0.6147977288857346,20411e82106f,6.4
baseline,1,same_seed,0,2,0.6147977288857346,20411e82106f,6.4
baseline,1,same_seed,0,3,0.6147977288857346,20411e82106f,6.6
baseline,1,same_seed,0,4,0.6147977288857346,20411e82106f,6.6
baseline,1,same_seed,0,5,0.6147977288857346,20411e82106f,6.4
baseline,1,different_seeds,0,0,0.6147977288857346,20411e82106f,6.4
baseline,1,different_seeds,1,0,0.7019606103619588,33aa3493c710,6.0
baseline,1,different_seeds,2,0,0.7547019162526615,08f553dd0b95,6.7
baseline,1,different_seeds,3,0,0.7374024130589071,16105f9c6776,6.8
baseline,1,different_seeds,4,0,0.5222675656493967,efcda2fbe8c9,5.9
baseline,1,different_seeds,5,0,0.7555890702625976,9923a76947a5,6.8
baseline,1,different_seeds,6,0,0.7684528034066714,bb88abed936f,6.3
baseline,1,different_seeds,7,0,0.7177519517388219,e564395b979d,6.6
no_subsampling,-1,same_seed,0,0,0.718860894251242,0af370f23518,2.7
no_subsampling,-1,same_seed,0,1,0.49037437899219305,eea708b9082a,2.6
no_subsampling,-1,same_seed,0,2,0.5803317955997161,6cc359b3e798,2.8
no_subsampling,-1,same_seed,0,3,0.6966820440028388,7bd69e55d68e,2.5
no_subsampling,-1,same_seed,0,4,0.7263129879347054,986da04e0e65,2.8
no_subsampling,-1,same_seed,0,5,0.48904364797728883,4fdb914bc64c,2.5
no_subsampling,-1,different_seeds,0,0,0.7201029098651526,9b3260d8eb34,2.7
no_subsampling,-1,different_seeds,1,0,0.6890525195173882,5106673f1afd,2.7
no_subsampling,-1,different_seeds,2,0,0.7314141234918382,36292593d70a,2.7
no_subsampling,-1,different_seeds,3,0,0.6368878637331441,815df217fb11,2.6
no_subsampling,-1,different_seeds,4,0,0.4338183108587651,1b579b880b43,2.8
no_subsampling,-1,different_seeds,5,0,0.386222498225692,d83abd005482,2.7
no_subsampling,-1,different_seeds,6,0,0.6894073811213627,9d05ed63b92e,2.8
no_subsampling,-1,different_seeds,7,0,0.443000354861604,34a6aea60946,2.9
no_subsampling,1,same_seed,0,0,0.6886533002129169,a34e6da76077,6.8
no_subsampling,1,same_seed,0,1,0.6886533002129169,a34e6da76077,6.5
no_subsampling,1,same_seed,0,2,0.6886533002129169,a34e6da76077,6.6
no_subsampling,1,same_seed,0,3,0.6886533002129169,a34e6da76077,6.8
no_subsampling,1,same_seed,0,4,0.6886533002129169,a34e6da76077,6.5
no_subsampling,1,same_seed,0,5,0.6886533002129169,a34e6da76077,6.5
no_subsampling,1,different_seeds,0,0,0.6886533002129169,a34e6da76077,6.5
no_subsampling,1,different_seeds,1,0,0.6886533002129169,a34e6da76077,6.5
no_subsampling,1,different_seeds,2,0,0.6886533002129169,a34e6da76077,6.5
no_subsampling,1,different_seeds,3,0,0.6886533002129169,a34e6da76077,6.5
no_subsampling,1,different_seeds,4,0,0.6886533002129169,a34e6da76077,6.5
no_subsampling,1,different_seeds,5,0,0.6886533002129169,a34e6da76077,6.7
no_subsampling,1,different_seeds,6,0,0.6886533002129169,a34e6da76077,6.5
no_subsampling,1,different_seeds,7,0,0.6886533002129169,a34e6da76077,6.5
l2_reg1,-1,same_seed,0,0,0.7619765791341376,59361d4b19ca,3.5
l2_reg1,-1,same_seed,0,1,0.7619765791341376,59361d4b19ca,3.4
l2_reg1,-1,same_seed,0,2,0.7619765791341376,59361d4b19ca,3.4
l2_reg1,-1,same_seed,0,3,0.7619765791341376,59361d4b19ca,3.5
l2_reg1,-1,same_seed,0,4,0.7619765791341376,59361d4b19ca,3.5
l2_reg1,-1,same_seed,0,5,0.7619765791341376,59361d4b19ca,3.5
l2_reg1,-1,different_seeds,0,0,0.7619765791341376,59361d4b19ca,3.5
l2_reg1,-1,different_seeds,1,0,0.7622427253371186,470d34e5580e,3.5
l2_reg1,-1,different_seeds,2,0,0.759403832505323,dc905ff603cd,3.4
l2_reg1,-1,different_seeds,3,0,0.7602022711142654,d94d191a186e,3.4
l2_reg1,-1,different_seeds,4,0,0.7558108587650816,191389564a00,3.3
l2_reg1,-1,different_seeds,5,0,0.7634847409510291,7db5adf04e6c,3.5
l2_reg1,-1,different_seeds,6,0,0.7603353442157559,b7bb72c3a52d,3.5
l2_reg1,-1,different_seeds,7,0,0.7609119943222143,7eb1c055709e,3.4
l2_reg1,1,same_seed,0,0,0.7619765791341376,59361d4b19ca,7.0
l2_reg1,1,same_seed,0,1,0.7619765791341376,59361d4b19ca,6.8
l2_reg1,1,same_seed,0,2,0.7619765791341376,59361d4b19ca,6.8
l2_reg1,1,same_seed,0,3,0.7619765791341376,59361d4b19ca,6.8
l2_reg1,1,same_seed,0,4,0.7619765791341376,59361d4b19ca,6.8
l2_reg1,1,same_seed,0,5,0.7619765791341376,59361d4b19ca,6.8
l2_reg1,1,different_seeds,0,0,0.7619765791341376,59361d4b19ca,6.8
l2_reg1,1,different_seeds,1,0,0.7622427253371186,470d34e5580e,6.8
l2_reg1,1,different_seeds,2,0,0.759403832505323,dc905ff603cd,6.8
l2_reg1,1,different_seeds,3,0,0.7602022711142654,d94d191a186e,6.7
l2_reg1,1,different_seeds,4,0,0.7558108587650816,191389564a00,6.7
l2_reg1,1,different_seeds,5,0,0.7634847409510291,7db5adf04e6c,6.8
l2_reg1,1,different_seeds,6,0,0.7603353442157559,b7bb72c3a52d,6.8
l2_reg1,1,different_seeds,7,0,0.7609119943222143,7eb1c055709e,6.7
baseline_deterministic_flag,-1,same_seed,0,0,0.6560060326472675,0f8918ee2ee7,2.3
baseline_deterministic_flag,-1,same_seed,0,1,0.6560060326472675,0f8918ee2ee7,2.3
baseline_deterministic_flag,-1,same_seed,0,2,0.6560060326472675,0f8918ee2ee7,2.3
baseline_deterministic_flag,-1,same_seed,0,3,0.6560060326472675,0f8918ee2ee7,2.3
baseline_deterministic_flag,-1,same_seed,0,4,0.6560060326472675,0f8918ee2ee7,2.3
baseline_deterministic_flag,-1,same_seed,0,5,0.6560060326472675,0f8918ee2ee7,2.3
baseline_deterministic_flag,-1,different_seeds,0,0,0.6560060326472675,0f8918ee2ee7,2.3
baseline_deterministic_flag,-1,different_seeds,1,0,0.7471167494677076,113f183d05b0,2.6
baseline_deterministic_flag,-1,different_seeds,2,0,0.7547019162526615,08f553dd0b95,3.4
baseline_deterministic_flag,-1,different_seeds,3,0,0.7561213626685592,8e6d8df45ea0,2.8
baseline_deterministic_flag,-1,different_seeds,4,0,0.4724095102909865,16aea8c638f9,2.3
baseline_deterministic_flag,-1,different_seeds,5,0,0.6980571327182399,ec6bd903d6df,2.7
baseline_deterministic_flag,-1,different_seeds,6,0,0.5675567778566359,51af1d547ead,2.6
baseline_deterministic_flag,-1,different_seeds,7,0,0.6431422995031938,d06a33137762,2.6
baseline_deterministic_flag,1,same_seed,0,0,0.6147977288857346,20411e82106f,6.3
baseline_deterministic_flag,1,same_seed,0,1,0.6147977288857346,20411e82106f,6.4
baseline_deterministic_flag,1,same_seed,0,2,0.6147977288857346,20411e82106f,6.3
baseline_deterministic_flag,1,same_seed,0,3,0.6147977288857346,20411e82106f,6.3
baseline_deterministic_flag,1,same_seed,0,4,0.6147977288857346,20411e82106f,6.3
baseline_deterministic_flag,1,same_seed,0,5,0.6147977288857346,20411e82106f,6.3
baseline_deterministic_flag,1,different_seeds,0,0,0.6147977288857346,20411e82106f,6.3
baseline_deterministic_flag,1,different_seeds,1,0,0.7019606103619588,33aa3493c710,5.9
baseline_deterministic_flag,1,different_seeds,2,0,0.7547019162526615,08f553dd0b95,6.6
baseline_deterministic_flag,1,different_seeds,3,0,0.7374024130589071,16105f9c6776,6.7
baseline_deterministic_flag,1,different_seeds,4,0,0.5222675656493967,efcda2fbe8c9,5.8
baseline_deterministic_flag,1,different_seeds,5,0,0.7555890702625976,9923a76947a5,6.7
baseline_deterministic_flag,1,different_seeds,6,0,0.7684528034066714,bb88abed936f,6.2
baseline_deterministic_flag,1,different_seeds,7,0,0.7177519517388219,e564395b979d,6.5
