schema_version,dataset,architecture,seed,aggregate_accuracy,train_time_sec,epochs_run,normal_recall,normal_precision,normal_support,dos_recall,dos_precision,dos_support,probe_recall,probe_precision,probe_support,r2l_recall,r2l_precision,r2l_support,u2r_recall,u2r_precision,u2r_support
1.0,nsl_kdd,dnn,0,0.7633516678495387,756.24,23,0.9333745237359695,0.6750577195203694,9711,0.8429873960847413,0.9135425748328974,7458,0.6592317224287485,0.81511746680286,2421,0.09041394335511982,0.9467680608365019,2754,0.065,0.9285714285714286,200
1.0,nsl_kdd,dnn,1,0.7781671398154719,950.46,26,0.9719905262073937,0.6828968311387643,9711,0.8373558594797533,0.9647767650239456,7458,0.6373399421726559,0.8032274856845393,2421,0.10675381263616558,0.9702970297029703,2754,0.11,0.88,200
1.0,nsl_kdd,dnn,2,0.7729329311568488,230.68,41,0.96673874987128,0.6858562244301578,9711,0.8388307857334406,0.9633507853403142,7458,0.6092523750516315,0.7591353576942872,2421,0.10639070442992012,0.7306733167082294,2754,0.065,0.7222222222222222,200
1.0,nsl_kdd,dnn,3,0.7808729595457772,215.6,36,0.9735351663062507,0.6864652918966018,9711,0.8329310807186914,0.9587899367186294,7458,0.6794712928541925,0.8266331658291457,2421,0.09985475671750181,0.9717314487632509,2754,0.09,0.9,200
1.0,nsl_kdd,dnn,4,0.7693843151171044,133.35,22,0.9442899804345587,0.6750588928150766,9711,0.8353445964065433,0.922962962962963,7458,0.6848409748038001,0.8694284216046145,2421,0.09658678286129267,0.953405017921147,2754,0.105,0.875,200
1.0,nsl_kdd,dnn,5,0.7675656493967353,175.42,30,0.9526310369683864,0.6746645274212368,9711,0.8311879860552427,0.9295246663667717,7458,0.6683188764973151,0.8431474726420011,2421,0.08024691358024691,0.973568281938326,2754,0.075,0.8823529411764706,200
1.0,nsl_kdd,dnn,6,0.7718239886444287,194.46,32,0.9736381423128411,0.6748750892219842,9711,0.829042638777152,0.9589019851116626,7458,0.5976869062370921,0.8311315336013785,2421,0.10639070442992012,0.915625,2754,0.11,0.88,200
1.0,nsl_kdd,dnn,7,0.7812721788502484,188.16,33,0.9724024302337555,0.681559003969686,9711,0.8360150174309466,0.9653197089332715,7458,0.6943411813300289,0.8532994923857868,2421,0.08569353667392883,0.9752066115702479,2754,0.09,1.0,200
1.0,nsl_kdd,dnn,8,0.7873935415188077,139.18,24,0.9719905262073937,0.6940441176470589,9711,0.8448645749530705,0.9638978124521952,7458,0.7224287484510533,0.8184370613008891,2421,0.09513435003631082,0.9703703703703703,2754,0.0,nan,200
1.0,nsl_kdd,dnn,9,0.7769694819020582,203.61,34,0.972505406240346,0.678302090066796,9711,0.828238133547868,0.9625993454885461,7458,0.644361833952912,0.8432432432432433,2421,0.11437908496732026,0.9459459459459459,2754,0.1,0.9523809523809523,200
1.0,nsl_kdd,dnn,10,0.7781671398154719,163.04,27,0.9729173102667078,0.6791259344450834,9711,0.8409761330115313,0.9665587918015103,7458,0.6414704667492772,0.8340494092373791,2421,0.09186637618010167,0.9583333333333334,2754,0.085,1.0,200
1.0,nsl_kdd,dnn,11,0.7732434350603264,145.91,25,0.9729173102667078,0.6776646105293358,9711,0.8341378385626174,0.9638983576076852,7458,0.6179264766625362,0.8315730961645359,2421,0.09368191721132897,0.7633136094674556,2754,0.045,0.8181818181818182,200
1.0,nsl_kdd,dnn,12,0.75847232079489,213.36,36,0.9312120275975697,0.6773275410081642,9711,0.8321265754894074,0.9099706744868035,7458,0.6567534076827757,0.7714701601164483,2421,0.08714596949891068,0.8247422680412371,2754,0.1,0.9523809523809523,200
1.0,nsl_kdd,dnn,13,0.7638396025550035,185.68,32,0.9345072598084646,0.6759273052286608,9711,0.8407079646017699,0.9134615384615384,7458,0.6695580338703015,0.8191005558362809,2421,0.08460421205519245,0.9209486166007905,2754,0.105,0.9545454545454546,200
1.0,nsl_kdd,dnn,14,0.7822924059616749,164.83,28,0.9728143342601174,0.6833273056057866,9711,0.8340037543577367,0.9613601236476044,7458,0.6972325485336638,0.8634271099744245,2421,0.0962236746550472,0.9601449275362319,2754,0.08,0.8888888888888888,200
1.0,nsl_kdd,dnn,15,0.7523509581263307,167.15,29,0.9702399340953558,0.6515905947441217,9711,0.7802359882005899,0.9640490390987408,7458,0.6026435357290376,0.823828345567476,2421,0.09041394335511982,0.9431818181818182,2754,0.06,0.9230769230769231,200
1.0,nsl_kdd,dnn,16,0.7799414478353442,140.14,24,0.9700339820821748,0.6830541657602784,9711,0.8340037543577367,0.9618060924694604,7458,0.7021891780256092,0.8395061728395061,2421,0.08278867102396514,0.9344262295081968,2754,0.075,0.8823529411764706,200
1.0,nsl_kdd,dnn,17,0.7760379701916252,212.47,36,0.9720935022139842,0.6756853482213155,9711,0.8315902386698847,0.9648413192283759,7458,0.6530359355638166,0.8504572350726197,2421,0.09041394335511982,0.9540229885057471,2754,0.115,0.92,200
1.0,nsl_kdd,dnn,18,0.7634403832505323,151.02,26,0.9369786839666358,0.6782200357781754,9711,0.8311879860552427,0.9120200088274238,7458,0.6790582403965304,0.8046989720998532,2421,0.09114015976761075,0.9365671641791045,2754,0.09,0.9,200
1.0,nsl_kdd,dnn,19,0.772888573456352,178.04,31,0.9713726701678509,0.6765401993832031,9711,0.8412443014212926,0.961827380039859,7458,0.5960346964064436,0.8047964305633017,2421,0.09041394335511982,0.97265625,2754,0.125,0.8620689655172413,200
1.0,nsl_kdd,dnn,20,0.7646380411639461,138.48,24,0.9350221398414169,0.6776119402985075,9711,0.8404397961920086,0.9106494261223304,7458,0.6794712928541925,0.818815331010453,2421,0.08278867102396514,0.9702127659574468,2754,0.085,1.0,200
1.0,nsl_kdd,dnn,21,0.7566980127750177,169.33,29,0.9378024920193595,0.6622791069740382,9711,0.8386967015285599,0.9146073987425062,7458,0.5857083849648905,0.851140456182473,2421,0.0944081336238199,0.9701492537313433,2754,0.095,0.95,200
1.0,nsl_kdd,dnn,22,0.7602466288147622,165.34,29,0.9367727319534549,0.6680129240710824,9711,0.835076427996782,0.9156130549838283,7458,0.6220570012391574,0.8385300668151447,2421,0.10784313725490197,0.945859872611465,2754,0.055,0.7857142857142857,200
1.0,nsl_kdd,dnn,23,0.7607789212207239,179.03,32,0.9389352280918546,0.6660822558258456,9711,0.8362831858407079,0.9182862190812721,7458,0.6617100371747212,0.8636118598382749,2421,0.0635439360929557,0.9259259259259259,2754,0.095,1.0,200
1.0,nsl_kdd,dnn,24,0.7748403122782115,185.44,31,0.9708577901348986,0.6791039400705899,9711,0.8407079646017699,0.9610668301655426,7458,0.6051218504750103,0.804945054945055,2421,0.10239651416122005,0.9690721649484536,2754,0.115,0.8846153846153846,200
1.0,nsl_kdd,dnn,25,0.774041873669269,245.03,41,0.9739470703326125,0.6782845668387837,9711,0.833869670152856,0.9637377963737797,7458,0.624122263527468,0.8338852097130243,2421,0.0896877269426289,0.7791798107255521,2754,0.075,0.8333333333333334,200
1.0,nsl_kdd,dnn,26,0.7832682753726047,192.92,34,0.9732262382864793,0.6868459302325581,9711,0.8431214802896219,0.9639736317645256,7458,0.667905824039653,0.868421052631579,2421,0.10312273057371096,0.9793103448275862,2754,0.09,0.1651376146788991,200
1.0,nsl_kdd,dnn,27,0.7464957416607523,117.44,21,0.9370816599732262,0.6541115583668775,9711,0.7862697774202199,0.9042405551272167,7458,0.6451879388682362,0.853551912568306,2421,0.10457516339869281,0.96,2754,0.075,0.8823529411764706,200
1.0,nsl_kdd,dnn,28,0.7711586231369766,221.89,40,0.9728143342601174,0.6794936344673811,9711,0.833467417538214,0.9580764488286067,7458,0.6414704667492772,0.7891260162601627,2421,0.05555555555555555,0.9107142857142857,2754,0.08,0.9411764705882353,200
1.0,nsl_kdd,dnn,29,0.7735095812633073,203.81,36,0.9724024302337555,0.6750303810136535,9711,0.8259587020648967,0.9615985014049329,7458,0.6563403552251136,0.8407407407407408,2421,0.08061002178649238,0.9736842105263158,2754,0.12,0.7741935483870968,200
1.0,nsl_kdd,dnn,30,0.7720901348474095,125.74,22,0.973844094326022,0.6705190017016449,9711,0.8020917135961384,0.9614271938283511,7458,0.6968194960760017,0.8781884435190005,2421,0.10167029774872913,0.9427609427609428,2754,0.0,nan,200
1.0,nsl_kdd,dnn,31,0.762819375443577,267.84,47,0.9369786839666358,0.6716120460584588,9711,0.8437919013140253,0.9182839632277835,7458,0.634035522511359,0.8243823845327605,2421,0.0915032679738562,0.9655172413793104,2754,0.09,0.9,200
1.0,nsl_kdd,dnn,32,0.7556334279630944,220.77,38,0.9368757079600453,0.6717365623154165,9711,0.8200589970501475,0.9142002989536622,7458,0.6356877323420075,0.8003120124804992,2421,0.09549745824255629,0.7225274725274725,2754,0.095,0.8260869565217391,200
1.0,nsl_kdd,dnn,33,0.7710255500354861,168.63,29,0.9733292142930697,0.6730755536566261,9711,0.8289085545722714,0.9654849289395596,7458,0.6125567947129286,0.814387699066447,2421,0.08823529411764706,0.9566929133858267,2754,0.11,0.9565217391304348,200
1.0,nsl_kdd,dnn,34,0.777235628105039,182.64,32,0.9705488621151271,0.6814402429325428,9711,0.8297130598015554,0.9656679151061174,7458,0.6769929781082198,0.8129960317460317,2421,0.0915032679738562,0.9402985074626866,2754,0.09,0.8571428571428571,200
1.0,nsl_kdd,dnn,35,0.7674769339957417,214.03,38,0.9703429101019463,0.6701514828248346,9711,0.831456154465004,0.9613953488372093,7458,0.5807517554729451,0.8034285714285714,2421,0.0896877269426289,0.9724409448818898,2754,0.125,0.8620689655172413,200
1.0,nsl_kdd,dnn,36,0.7804293825408091,163.54,28,0.972711358253527,0.6876319429278591,9711,0.8390989541432019,0.9629173719033698,7458,0.6422965716646014,0.8184210526315789,2421,0.11256354393609296,0.8179419525065963,2754,0.125,0.8620689655172413,200
1.0,nsl_kdd,dnn,37,0.7829134137686302,180.53,31,0.9742559983523839,0.6827103478135373,9711,0.8364172700455886,0.9598399753808278,7458,0.6914498141263941,0.8819810326659642,2421,0.09041394335511982,0.9803149606299213,2754,0.14,0.8,200
1.0,nsl_kdd,dnn,38,0.7769251242015613,274.87,47,0.9721964782205746,0.6765801920596245,9711,0.831456154465004,0.9634866376631448,7458,0.6538620404791409,0.8542903399892067,2421,0.09731299927378359,0.9745454545454545,2754,0.11,0.8461538461538461,200
1.0,nsl_kdd,dnn,39,0.7727111426543648,109.38,19,0.974050046339203,0.6732863549007047,9711,0.82864038616251,0.9665311229277448,7458,0.6774060305658819,0.8427543679342241,2421,0.05119825708061002,0.9096774193548387,2754,0.0,nan,200
1.0,nsl_kdd,random_forest,0,0.7416163946061036,1.19,,0.9733292142930697,0.6392965843760569,9711,0.7615982837221775,0.9609203180510912,7458,0.5980999586947542,0.8502642395772166,2421,0.049019607843137254,0.9712230215827338,2754,0.02,0.6666666666666666,200
1.0,nsl_kdd,random_forest,1,0.7412171753016323,1.14,,0.9739470703326125,0.6407424971207912,9711,0.7571735049611156,0.9608643865917985,7458,0.6042957455596861,0.83125,2421,0.050835148874364564,0.9859154929577465,2754,0.01,0.5,200
1.0,nsl_kdd,random_forest,2,0.7391767210787793,1.2,,0.974050046339203,0.6386038347285984,9711,0.7555644945025476,0.9606205250596659,7458,0.6146220570012392,0.8359550561797753,2421,0.029048656499636893,0.963855421686747,2754,0.01,0.6666666666666666,200
1.0,nsl_kdd,random_forest,3,0.7499556422995032,1.14,,0.9741530223457935,0.6477233824032865,9711,0.7839903459372486,0.9621523778180023,7458,0.61090458488228,0.8519585253456221,2421,0.042483660130718956,0.975,2754,0.02,0.6666666666666666,200
1.0,nsl_kdd,random_forest,4,0.7505322924059616,1.17,,0.9736381423128411,0.6477802137571937,9711,0.7866720300348619,0.9622765294407085,7458,0.6009913258983891,0.8543746330005872,2421,0.050835148874364564,0.9722222222222222,2754,0.015,0.75,200
1.0,nsl_kdd,random_forest,5,0.7533711852377573,1.21,,0.974050046339203,0.6506397028477094,9711,0.7945829981228212,0.9626380766731644,7458,0.5997521685254027,0.8551236749116607,2421,0.05228758169934641,0.972972972972973,2754,0.015,0.75,200
1.0,nsl_kdd,random_forest,6,0.7391323633782825,1.19,,0.9739470703326125,0.6392700236566408,9711,0.7593188522392063,0.9608076009501187,7458,0.6014043783560512,0.8258650028360749,2421,0.029774872912127815,0.9534883720930233,2754,0.02,0.6666666666666666,200
1.0,nsl_kdd,random_forest,7,0.7576738821859474,1.17,,0.9737411183194316,0.6553922927640699,9711,0.8183159023866988,0.9635301547205557,7458,0.6063610078479967,0.8524970963995354,2421,0.018518518518518517,0.9272727272727272,2754,0.015,0.6,200
1.0,nsl_kdd,random_forest,8,0.751375088715401,1.21,,0.9741530223457935,0.6485226571604854,9711,0.7878787878787878,0.9623321323288568,7458,0.6067740603056588,0.8575598365440747,2421,0.04793028322440087,0.9777777777777777,2754,0.01,0.6666666666666666,200
1.0,nsl_kdd,random_forest,9,0.7421930447125621,1.22,,0.9734321902996602,0.6397536545749865,9711,0.7618664521319388,0.9610960757780784,7458,0.6014043783560512,0.8509643483343075,2421,0.05010893246187364,0.9787234042553191,2754,0.015,0.75,200
1.0,nsl_kdd,random_forest,10,0.7623757984386089,1.25,,0.9734321902996602,0.6599413571628037,9711,0.8232770179672835,0.963741955736933,7458,0.6191656340355225,0.8565714285714285,2421,0.033042846768336964,0.978494623655914,2754,0.02,0.6666666666666666,200
1.0,nsl_kdd,random_forest,11,0.751596877217885,1.18,,0.973844094326022,0.6473406804024916,9711,0.7921694824349692,0.9623717217787914,7458,0.5964477488641058,0.8714544357272178,2421,0.048293391430646336,0.9779411764705882,2754,0.01,0.6666666666666666,200
1.0,nsl_kdd,random_forest,12,0.7449875798438609,1.2,,0.9739470703326125,0.6422653809588483,9711,0.7853311879860553,0.9618985055017244,7458,0.59727385377943,0.8546099290780141,2421,0.011619462599854757,0.9411764705882353,2754,0.01,0.6666666666666666,200
1.0,nsl_kdd,random_forest,13,0.7611781405251952,1.16,,0.9737411183194316,0.6581291759465479,9711,0.8183159023866988,0.963682299068372,7458,0.6042957455596861,0.861094761624485,2421,0.04938271604938271,0.9714285714285714,2754,0.01,0.5,200
1.0,nsl_kdd,random_forest,14,0.7478264726756565,1.16,,0.9737411183194316,0.6452405322415558,9711,0.7792973987664253,0.9620923688131104,7458,0.6212308963238331,0.856492027334852,2421,0.030501089324618737,0.9655172413793104,2754,0.015,0.6,200
1.0,nsl_kdd,random_forest,15,0.7509758694109298,1.2,,0.9737411183194316,0.6479375085651637,9711,0.7996781979082864,0.9628672909267033,7458,0.5997521685254027,0.8581560283687943,2421,0.019970951343500364,0.9322033898305084,2754,0.015,0.6,200
1.0,nsl_kdd,random_forest,16,0.7452537260468417,1.2,,0.973844094326022,0.6421102661596958,9711,0.775811209439528,0.9617686170212766,7458,0.607600165220983,0.860233918128655,2421,0.029774872912127815,0.9761904761904762,2754,0.025,0.8333333333333334,200
1.0,nsl_kdd,random_forest,17,0.7578069552874379,1.21,,0.9737411183194316,0.653896687642625,9711,0.8041029766693484,0.96306407579894,7458,0.6154481619165634,0.8713450292397661,2421,0.05010893246187364,0.9787234042553191,2754,0.015,0.6,200
1.0,nsl_kdd,random_forest,18,0.7419268985095813,1.17,,0.9739470703326125,0.6386656762779391,9711,0.7649503888441942,0.9612468407750632,7458,0.6055349029326724,0.863877430760165,2421,0.03449527959331881,0.9595959595959596,2754,0.01,0.5,200
1.0,nsl_kdd,random_forest,19,0.743346344925479,1.18,,0.9737411183194316,0.6413456321215409,9711,0.7622687047465808,0.9609533468559838,7458,0.6237092110698058,0.8516638465877044,2421,0.0374001452432825,0.9716981132075472,2754,0.02,0.8,200
1.0,nsl_kdd,random_forest,20,0.7435237757274663,1.21,,0.973844094326022,0.6408918406072106,9711,0.7732636095467954,0.9616474904118726,7458,0.6047087980173482,0.8551401869158879,2421,0.02505446623093682,0.9452054794520548,2754,0.025,0.8333333333333334,200
1.0,nsl_kdd,random_forest,21,0.7496451383960255,1.23,,0.9742559983523839,0.6481024797917523,9711,0.7900241351568785,0.9624305782424044,7458,0.5976869062370921,0.8417684700407213,2421,0.03522149600580973,0.9603960396039604,2754,0.015,0.75,200
1.0,nsl_kdd,random_forest,22,0.7490684882895671,1.17,,0.9737411183194316,0.6450204638472032,9711,0.7905604719764012,0.9626122448979592,7458,0.6018174308137133,0.8698507462686568,2421,0.027233115468409588,0.9615384615384616,2754,0.015,0.5,200
1.0,nsl_kdd,random_forest,23,0.745652945351313,1.24,,0.9732262382864793,0.6440643314706284,9711,0.77822472512738,0.9618826648989062,7458,0.600578273440727,0.8414351851851852,2421,0.03558460421205519,0.9607843137254902,2754,0.015,0.5,200
1.0,nsl_kdd,random_forest,24,0.7417051100070973,1.2,,0.9737411183194316,0.6389620920332455,9711,0.7687047465808527,0.9614288110011739,7458,0.61090458488228,0.8588850174216028,2421,0.01815541031227306,0.9259259259259259,2754,0.015,0.5,200
1.0,nsl_kdd,random_forest,25,0.7476490418736693,1.23,,0.9734321902996602,0.6451238654200505,9711,0.7775543041029767,0.9616915422885572,7458,0.6055349029326724,0.8533178114086146,2421,0.048656499636891795,0.9710144927536232,2754,0.015,0.6,200
1.0,nsl_kdd,random_forest,26,0.7497338537970192,1.18,,0.973844094326022,0.6467651484065108,9711,0.7834540091177259,0.9621274493660464,7458,0.6183395291201983,0.8613348676639816,2421,0.0374001452432825,0.9626168224299065,2754,0.01,0.5,200
1.0,nsl_kdd,random_forest,27,0.7446770759403832,1.18,,0.9739470703326125,0.6438393464942137,9711,0.775811209439528,0.9617686170212766,7458,0.6166873192895498,0.8382930937675463,2421,0.017429193899782137,0.9411764705882353,2754,0.015,0.5,200
1.0,nsl_kdd,random_forest,28,0.745874733853797,1.15,,0.9733292142930697,0.6427745664739885,9711,0.7818449986591579,0.9618937644341802,7458,0.6055349029326724,0.8593200468933178,2421,0.023238925199709513,0.9552238805970149,2754,0.01,0.5,200
1.0,nsl_kdd,random_forest,29,0.7527058197303051,1.16,,0.9733292142930697,0.6493542181918109,9711,0.7908286403861625,0.962467362924282,7458,0.61090458488228,0.8623906705539358,2421,0.04974582425562818,0.9785714285714285,2754,0.015,0.6,200
1.0,nsl_kdd,random_forest,30,0.742902767920511,1.15,,0.9739470703326125,0.641046495865528,9711,0.7636095467953875,0.9611814345991562,7458,0.59727385377943,0.8456140350877193,2421,0.053013798111837325,0.9798657718120806,2754,0.015,0.5,200
1.0,nsl_kdd,random_forest,31,0.7437455642299503,1.17,,0.9741530223457935,0.6424884542243956,9711,0.7695092518101367,0.9614675825096332,7458,0.6121437422552665,0.8425241614553723,2421,0.029774872912127815,0.9647058823529412,2754,0.02,0.5714285714285714,200
1.0,nsl_kdd,random_forest,32,0.7437899219304471,1.17,,0.9737411183194316,0.641606730899715,9711,0.7688388307857335,0.9614352783366867,7458,0.5956216439487815,0.8472385428907168,2421,0.048656499636891795,0.9852941176470589,2754,0.01,0.5,200
1.0,nsl_kdd,random_forest,33,0.7430358410220014,1.16,,0.9741530223457935,0.6403574087862993,9711,0.7652185572539555,0.9612598955701532,7458,0.5997521685254027,0.8556275780789628,2421,0.04647785039941903,0.9770992366412213,2754,0.02,0.6666666666666666,200
1.0,nsl_kdd,random_forest,34,0.7460965223562811,1.17,,0.9741530223457935,0.6421831511777883,9711,0.7703137570394207,0.9615062761506277,7458,0.6137959520859149,0.8725778038755138,2421,0.04538852578068264,0.9765625,2754,0.02,0.5714285714285714,200
1.0,nsl_kdd,random_forest,35,0.74361249112846,1.21,,0.9737411183194316,0.6404334575008466,9711,0.7658889782783588,0.9614543006227908,7458,0.6030565881866997,0.8598351001177856,2421,0.049019607843137254,0.9854014598540146,2754,0.005,0.3333333333333333,200
1.0,nsl_kdd,random_forest,36,0.7439229950319376,1.17,,0.974050046339203,0.6412881355932203,9711,0.7693751676052561,0.9614611260053619,7458,0.5956216439487815,0.8532544378698225,2421,0.04720406681190995,0.9774436090225563,2754,0.01,0.6666666666666666,200
1.0,nsl_kdd,random_forest,37,0.7471167494677076,1.2,,0.9742559983523839,0.6448776497852907,9711,0.77822472512738,0.9618826648989062,7458,0.5956216439487815,0.8487345497351383,2421,0.048656499636891795,0.9781021897810219,2754,0.01,0.6666666666666666,200
1.0,nsl_kdd,random_forest,38,0.7430358410220014,1.17,,0.9739470703326125,0.6410899478072256,9711,0.7593188522392063,0.960970643135924,7458,0.6179264766625362,0.850967007963595,2421,0.04720406681190995,0.9774436090225563,2754,0.02,0.5714285714285714,200
1.0,nsl_kdd,random_forest,39,0.7407292405961675,1.25,,0.9732262382864793,0.638581081081081,9711,0.7601233574684902,0.9608474576271187,7458,0.6212308963238331,0.8530913216108905,2421,0.026506899055918662,0.948051948051948,2754,0.01,0.5,200
1.0,nsl_kdd,xgboost,0,0.7785220014194464,3.96,,0.9716815981876222,0.6806116560877091,9711,0.8431214802896219,0.9642692838521699,7458,0.6464270962412226,0.828042328042328,2421,0.0915032679738562,0.984375,2754,0.05,0.7692307692307693,200
1.0,nsl_kdd,xgboost,1,0.7746628814762243,4.31,,0.9716815981876222,0.6781171397772189,9711,0.8423169750603379,0.9645324735145094,7458,0.6158612143742255,0.8046411225040475,2421,0.08896151053013798,0.98,2754,0.05,0.7692307692307693,200
1.0,nsl_kdd,xgboost,2,0.7749290276792051,3.56,,0.9719905262073937,0.6755654165473804,9711,0.8433896486993833,0.9642802391537636,7458,0.6464270962412226,0.839142091152815,2421,0.060639070442992014,0.9709302325581395,2754,0.045,0.75,200
1.0,nsl_kdd,xgboost,3,0.7774130589070263,3.52,,0.9718875502008032,0.680657723929035,9711,0.8413783856261733,0.9641979102642901,7458,0.6666666666666666,0.8217922606924644,2421,0.06899055918663761,0.979381443298969,2754,0.045,0.75,200
1.0,nsl_kdd,xgboost,4,0.7778122782114976,3.52,,0.9719905262073937,0.681024531024531,9711,0.8412443014212926,0.9641924081758106,7458,0.6575795125981,0.8210417741103662,2421,0.08097312999273784,0.9823788546255506,2754,0.035,0.6363636363636364,200
1.0,nsl_kdd,xgboost,5,0.7756387508871541,3.53,,0.972299454227165,0.6777203560149296,9711,0.8366854384553499,0.9640043256604357,7458,0.6712102437009501,0.8329062019477191,2421,0.06136528685548293,0.9712643678160919,2754,0.05,0.7142857142857143,200
1.0,nsl_kdd,xgboost,6,0.7762154009936125,3.57,,0.9715786221810319,0.680883308075341,9711,0.8416465540359346,0.9642089093701997,7458,0.6658405617513424,0.8080200501253133,2421,0.05809731299927379,0.9815950920245399,2754,0.075,0.7894736842105263,200
1.0,nsl_kdd,xgboost,7,0.7780784244144784,4.29,,0.9716815981876222,0.6831245927749222,9711,0.8417806382408153,0.9642144063891875,7458,0.6464270962412226,0.8021527421834956,2421,0.0915032679738562,0.9882352941176471,2754,0.05,0.7142857142857143,200
1.0,nsl_kdd,xgboost,8,0.7784332860184529,3.63,,0.9718875502008032,0.6842601319509897,9711,0.8405738803968893,0.9641648723469701,7458,0.6707971912432878,0.8031651829871415,2421,0.0766158315177923,0.9768518518518519,2754,0.035,0.6363636363636364,200
1.0,nsl_kdd,xgboost,9,0.7729772888573456,3.59,,0.9719905262073937,0.6782352518502551,9711,0.8291767229820327,0.9636901979117968,7458,0.6654275092936803,0.8010939830929885,2421,0.06535947712418301,0.9836065573770492,2754,0.06,0.75,200
1.0,nsl_kdd,xgboost,10,0.7757718239886444,3.61,,0.9719905262073937,0.6809262732650411,9711,0.8439259855189059,0.9643021296154436,7458,0.6637752994630318,0.8035,2421,0.05156136528685548,0.9793103448275862,2754,0.035,0.7,200
1.0,nsl_kdd,xgboost,11,0.7784332860184529,3.59,,0.9717845741942127,0.6832959235392079,9711,0.8404397961920086,0.9640110735158413,7458,0.6658405617513424,0.8100502512562814,2421,0.0813362381989833,0.9781659388646288,2754,0.04,0.6666666666666666,200
1.0,nsl_kdd,xgboost,12,0.7759492547906317,3.99,,0.9719905262073937,0.6785765636232926,9711,0.8352105122016626,0.9637939037598638,7458,0.674514663362247,0.8289340101522843,2421,0.06681190994916485,0.9735449735449735,2754,0.04,0.6666666666666666,200
1.0,nsl_kdd,xgboost,13,0.7793647977288858,3.62,,0.9726083822469365,0.6830838215086426,9711,0.8420488066505766,0.9642253953631199,7458,0.6456009913258984,0.8149113660062565,2421,0.09876543209876543,0.9963369963369964,2754,0.05,0.7692307692307693,200
1.0,nsl_kdd,xgboost,14,0.7720014194464159,3.61,,0.9719905262073937,0.6755654165473804,9711,0.8381603647090373,0.9640653917334978,7458,0.6389921520033044,0.8086774699424987,2421,0.05737109658678286,0.9753086419753086,2754,0.045,0.6923076923076923,200
1.0,nsl_kdd,xgboost,15,0.7707150461320085,3.55,,0.9715786221810319,0.6716736669751548,9711,0.8289085545722714,0.9636788776305534,7458,0.6637752994630318,0.8352390852390852,2421,0.05119825708061002,0.9724137931034482,2754,0.05,0.7692307692307693,200
1.0,nsl_kdd,xgboost,16,0.7795865862313698,3.55,,0.9716815981876222,0.6853075749872903,9711,0.8372217752748726,0.9638777400432232,7458,0.6774060305658819,0.8062930186823992,2421,0.09005083514887437,0.9802371541501976,2754,0.035,0.7,200
1.0,nsl_kdd,xgboost,17,0.7779453513129879,3.55,,0.9717845741942127,0.6799971177403084,9711,0.8429873960847413,0.964115933139089,7458,0.6629491945477075,0.8320373250388803,2421,0.07262164124909223,0.9852216748768473,2754,0.045,0.6923076923076923,200
1.0,nsl_kdd,xgboost,18,0.7759048970901349,3.59,,0.9717845741942127,0.6803893294881038,9711,0.8417806382408153,0.9645106775234291,7458,0.634035522511359,0.8015665796344648,2421,0.08460421205519245,0.9831223628691983,2754,0.045,0.6923076923076923,200
1.0,nsl_kdd,xgboost,19,0.7732434350603264,3.53,,0.9718875502008032,0.6777251184834123,9711,0.8429873960847413,0.9642638036809816,7458,0.6224700536968195,0.7973544973544974,2421,0.06862745098039216,0.9792746113989638,2754,0.055,0.7333333333333333,200
1.0,nsl_kdd,xgboost,20,0.7761266855926189,3.53,,0.9715786221810319,0.6773637734223562,9711,0.8427192276749799,0.9642528382939553,7458,0.647666253614209,0.83448642895157,2421,0.07298474945533769,0.9710144927536232,2754,0.04,0.7272727272727273,200
1.0,nsl_kdd,xgboost,21,0.7792760823278921,3.53,,0.9717845741942127,0.6846343586767266,9711,0.8415124698310539,0.9640552995391705,7458,0.6666666666666666,0.8065967016491754,2421,0.08424110384894698,0.9830508474576272,2754,0.045,0.6923076923076923,200
1.0,nsl_kdd,xgboost,22,0.7762597586941093,3.6,,0.9718875502008032,0.6786022433132011,9711,0.8417806382408153,0.9642144063891875,7458,0.6319702602230484,0.8208154506437768,2421,0.08823529411764706,0.9838056680161943,2754,0.055,0.7857142857142857,200
1.0,nsl_kdd,xgboost,23,0.7723119233498935,3.51,,0.9719905262073937,0.6745515614950333,9711,0.8244837758112095,0.9634910686305234,7458,0.6472532011565468,0.8221406086044072,2421,0.08932461873638345,0.9879518072289156,2754,0.05,0.7142857142857143,200
1.0,nsl_kdd,xgboost,24,0.7780784244144784,3.64,,0.9717845741942127,0.6831969883443133,9711,0.8392330383480826,0.964109673444239,7458,0.6761668731928955,0.8091942659416708,2421,0.07153231663035585,0.9800995024875622,2754,0.055,0.7333333333333333,200
1.0,nsl_kdd,xgboost,25,0.7750621007806955,3.65,,0.9716815981876222,0.6808080808080809,9711,0.8431214802896219,0.9642692838521699,7458,0.6567534076827757,0.7957957957957958,2421,0.054829339143064634,0.9805194805194806,2754,0.04,0.7272727272727273,200
1.0,nsl_kdd,xgboost,26,0.7787881476224272,3.61,,0.9719905262073937,0.6843822505800464,9711,0.8403057119871279,0.9641538461538461,7458,0.6712102437009501,0.8056519583539911,2421,0.07879448075526507,0.9774774774774775,2754,0.045,0.6923076923076923,200
1.0,nsl_kdd,xgboost,27,0.7810060326472675,3.6,,0.9716815981876222,0.6837185711180349,9711,0.8419147224456959,0.9642199017199017,7458,0.6695580338703015,0.8295803480040942,2421,0.09513435003631082,0.9886792452830189,2754,0.045,0.75,200
1.0,nsl_kdd,xgboost,28,0.7790986515259049,3.63,,0.9717845741942127,0.6833948873922804,9711,0.8423169750603379,0.9640883977900553,7458,0.6575795125981,0.8130745658835546,2421,0.08750907770515613,0.9836734693877551,2754,0.06,0.75,200
1.0,nsl_kdd,xgboost,29,0.772444996451384,3.56,,0.9716815981876222,0.677824868903096,9711,0.8415124698310539,0.9642034106621601,7458,0.6394052044609665,0.7934392619169657,2421,0.052650689905591866,0.9666666666666667,2754,0.045,0.6923076923076923,200
1.0,nsl_kdd,xgboost,30,0.7754613200851668,3.62,,0.9719905262073937,0.6790647482014388,9711,0.8428533118798606,0.9642583218285014,7458,0.6505576208178439,0.8143743536711479,2421,0.06318082788671024,0.9720670391061452,2754,0.04,0.6666666666666666,200
1.0,nsl_kdd,xgboost,31,0.7743080198722498,3.53,,0.9715786221810319,0.6797550432276657,9711,0.8431214802896219,0.9642692838521699,7458,0.6394052044609665,0.7934392619169657,2421,0.0635439360929557,0.9831460674157303,2754,0.05,0.7142857142857143,200
1.0,nsl_kdd,xgboost,32,0.778832505322924,3.53,,0.9717845741942127,0.6847337106370628,9711,0.8413783856261733,0.9640497772315256,7458,0.6501445683601818,0.7977698935631019,2421,0.0962236746550472,0.9851301115241635,2754,0.035,0.6363636363636364,200
1.0,nsl_kdd,xgboost,33,0.7771469127040455,3.59,,0.9716815981876222,0.6816933969079613,9711,0.8413783856261733,0.9641979102642901,7458,0.6435357290375878,0.8055842812823164,2421,0.08896151053013798,0.98,2754,0.03,0.6,200
1.0,nsl_kdd,xgboost,34,0.7743080198722498,3.68,,0.972299454227165,0.6778176597272074,9711,0.8435237329042639,0.9642857142857143,7458,0.6418835192069393,0.8123366440146367,2421,0.05773420479302832,0.9754601226993865,2754,0.05,0.7142857142857143,200
1.0,nsl_kdd,xgboost,35,0.7767476933995742,3.56,,0.9718875502008032,0.678065953013866,9711,0.8369536068651113,0.9638665843113032,7458,0.6571664601404378,0.8360483447188649,2421,0.08387799564270153,0.9871794871794872,2754,0.045,0.75,200
1.0,nsl_kdd,xgboost,36,0.7817157558552165,3.63,,0.9716815981876222,0.6840159478071766,9711,0.8415124698310539,0.9643515673017824,7458,0.6757538207352334,0.83640081799591,2421,0.0962236746550472,0.977859778597786,2754,0.05,0.7142857142857143,200
1.0,nsl_kdd,xgboost,37,0.7787437899219305,4.45,,0.9718875502008032,0.6790905166210965,9711,0.8425851434700993,0.9640994169990794,7458,0.6612969847170591,0.8484366719660837,2421,0.08169934640522876,0.982532751091703,2754,0.04,0.6666666666666666,200
1.0,nsl_kdd,xgboost,38,0.7754613200851668,3.62,,0.9721964782205746,0.6763863017624302,9711,0.8325288281040494,0.9638311083514437,7458,0.6447748864105741,0.8361006963042313,2421,0.0944081336238199,0.9885931558935361,2754,0.055,0.7857142857142857,200
1.0,nsl_kdd,xgboost,39,0.7696061036195884,3.61,,0.9717845741942127,0.6742640754501286,9711,0.825020112630732,0.9635139367366113,7458,0.6406443618339529,0.7966101694915254,2421,0.07153231663035585,0.985,2754,0.06,0.8,200
1.0,nsl_kdd,lightgbm,0,0.7361160397444997,2.36,,0.9217382349912471,0.6767218568080442,9711,0.83065164923572,0.8392034678948794,7458,0.5584469227591904,0.8223844282238443,2421,0.02795933188090051,0.6875,2754,0.1,0.11173184357541899,200
1.0,nsl_kdd,lightgbm,1,0.4405606813342796,2.21,,0.4289980434558748,0.7766592095451156,9711,0.6289890050951998,0.7692686126598884,7458,0.4365964477488641,0.0957427536231884,2421,0.006535947712418301,0.5142857142857142,2754,0.0,0.0,200
1.0,nsl_kdd,lightgbm,2,0.7547019162526615,3.1,,0.9707548141283081,0.6575294692055521,9711,0.7905604719764012,0.9618270799347471,7458,0.6344485749690211,0.80927291886196,2421,0.05192447349310094,0.9662162162162162,2754,0.06,0.3870967741935484,200
1.0,nsl_kdd,lightgbm,3,0.7121628814762243,2.57,,0.9844506230048399,0.6272554294337642,9711,0.7314293376240278,0.9285106382978724,7458,0.38042131350681535,0.941717791411043,2421,0.04103122730573711,0.5678391959798995,2754,0.03,0.02390438247011952,200
1.0,nsl_kdd,lightgbm,4,0.5637420156139106,2.03,,0.7790134898568634,0.7297193016301726,9711,0.6897291499061411,0.43571065559884803,7458,0.0,0.0,2421,0.0,nan,2754,0.0,nan,200
1.0,nsl_kdd,lightgbm,5,0.5420067423704755,2.47,,0.9902172793739059,0.5596554533814457,9711,0.34392598551890585,0.7951022938623683,7458,0.0057827344072697235,0.21212121212121213,2421,0.004720406681190995,0.00959409594095941,2754,0.055,0.015384615384615385,200
1.0,nsl_kdd,lightgbm,6,0.718417317246274,2.52,,0.8928019771393265,0.6906165365620519,9711,0.7834540091177259,0.8714392244593587,7458,0.6761668731928955,0.5950563431479462,2421,0.011619462599854757,0.7272727272727273,2754,0.07,0.02857142857142857,200
1.0,nsl_kdd,lightgbm,7,0.7151792051100071,2.4,,0.8985686335083926,0.6524599970091222,9711,0.7880128720836685,0.8519860829225863,7458,0.5712515489467163,0.7709030100334449,2421,0.048293391430646336,0.4716312056737589,2754,0.02,0.02040816326530612,200
1.0,nsl_kdd,lightgbm,8,0.6308108587650816,2.25,,0.703326125012872,0.7302469795787447,9711,0.9297398766425315,0.5545425463851568,7458,0.18876497315159024,0.7347266881028939,2421,0.0,nan,2754,0.0,0.0,200
1.0,nsl_kdd,lightgbm,9,0.6817334989354152,2.19,,0.8969210174029452,0.6639731666412563,9711,0.6347546259050684,0.7792592592592592,7458,0.5691862866584056,0.5239543726235741,2421,0.19862018881626725,0.7780938833570412,2754,0.0,0.0,200
1.0,nsl_kdd,lightgbm,10,0.7731103619588361,2.66,,0.9701369580887653,0.6928224738932196,9711,0.8242156074014481,0.9136444708680143,7458,0.5828170177612557,0.8572296476306197,2421,0.16339869281045752,0.8411214953271028,2754,0.0,0.0,200
1.0,nsl_kdd,lightgbm,11,0.7470723917672107,2.59,,0.9604572134692617,0.6691297797546453,9711,0.804639313488871,0.9508794168911424,7458,0.5964477488641058,0.6716279069767442,2421,0.025417574437182282,0.7368421052631579,2754,0.0,0.0,200
1.0,nsl_kdd,lightgbm,12,0.7214336408800568,2.57,,0.9683863659767274,0.6276865572019757,9711,0.7325020112630732,0.941409615716009,7458,0.5757951259809996,0.8109365910413031,2421,0.0010893246187363835,0.1875,2754,0.0,0.0,200
1.0,nsl_kdd,lightgbm,13,0.7289300922640171,2.63,,0.9845535990114304,0.6341026661360923,9711,0.8189863234111022,0.9277035236938032,7458,0.315572077653862,0.8781609195402299,2421,0.0,0.0,2754,0.0,0.0,200
1.0,nsl_kdd,lightgbm,14,0.7573633782824698,2.97,,0.9602512614560808,0.7057443426928025,9711,0.7489943684633951,0.9622739018087856,7458,0.875671210243701,0.6315162347333929,2421,0.015250544662309368,0.84,2754,0.005,0.008403361344537815,200
1.0,nsl_kdd,lightgbm,15,0.7141146202980837,2.81,,0.9053650499433632,0.6460905349794238,9711,0.8218020917135961,0.8394740446514176,7458,0.486575795125981,0.8169209431345353,2421,0.0,0.0,2754,0.0,0.0,200
1.0,nsl_kdd,lightgbm,16,0.7075496806245565,2.39,,0.9472762846256823,0.6350269225459064,9711,0.6867792973987664,0.9273945319572696,7458,0.5406856670797191,0.7102550189907759,2421,0.11220043572984749,0.75,2754,0.06,0.04285714285714286,200
1.0,nsl_kdd,lightgbm,17,0.6615063875088716,2.42,,0.919060858819895,0.6905756731662024,9711,0.7556985787074283,0.6661938534278959,7458,0.14539446509706733,0.3244239631336406,2421,0.0,0.0,2754,0.0,0.0,200
1.0,nsl_kdd,lightgbm,18,0.7337207239176721,2.33,,0.9497477087838534,0.6714472917880023,9711,0.7756771252346474,0.8846918489065606,7458,0.6323833126807105,0.7117619711761971,2421,0.0007262164124909223,0.024390243902439025,2754,0.0,0.0,200
1.0,nsl_kdd,lightgbm,19,0.7333658623136976,2.49,,0.9253423952219133,0.6592326315017241,9711,0.7601233574684902,0.8845373693243875,7458,0.7637339942172656,0.8592007434944238,2421,0.010530137981118372,0.3333333333333333,2754,0.0,0.0,200
1.0,nsl_kdd,lightgbm,20,0.4422019162526615,2.49,,0.9492328287509011,0.6549200710479574,9711,0.08702064896755163,0.379088785046729,7458,0.014043783560512184,0.04576043068640646,2421,0.00036310820624546115,0.5,2754,0.335,0.011144377910844976,200
1.0,nsl_kdd,lightgbm,21,0.6629701916252662,2.52,,0.9347132118216456,0.6220531798245614,9711,0.7798337355859479,0.8280182232346242,7458,0.016522098306484923,0.7017543859649122,2421,0.004720406681190995,0.015815085158150853,2754,0.0,0.0,200
1.0,nsl_kdd,lightgbm,22,0.7492459190915542,2.67,,0.9602512614560808,0.6584057050060016,9711,0.8090640922499329,0.937538844002486,7458,0.5927302767451467,0.7863013698630137,2421,0.03522149600580973,0.8434782608695652,2754,0.0,0.0,200
1.0,nsl_kdd,lightgbm,23,0.6931777856635912,2.46,,0.9830089589125733,0.5876269621421976,9711,0.7123893805309734,0.9893854748603352,7458,0.3093762907889302,0.8294573643410853,2421,0.006172839506172839,0.8095238095238095,2754,0.01,0.4,200
1.0,nsl_kdd,lightgbm,24,0.6957505322924059,2.53,,0.9512923488827103,0.61838141776558,9711,0.674577634754626,0.9615825688073395,7458,0.5848822800495663,0.5967130214917825,2421,0.0,nan,2754,0.0,nan,200
1.0,nsl_kdd,lightgbm,25,0.47405074520936835,2.66,,0.9790958706621358,0.45018939393939394,9711,0.13502279431482972,0.997029702970297,7458,0.0,0.0,2421,0.06245461147421932,0.7381974248927039,2754,0.0,0.0,200
1.0,nsl_kdd,lightgbm,26,0.48669268985095815,2.38,,0.8876531768098033,0.5107542809741068,9711,0.2007240547063556,0.47659980897803245,7458,0.34779016935150764,0.4566160520607375,2421,0.004720406681190995,0.35135135135135137,2754,0.0,0.0,200
1.0,nsl_kdd,lightgbm,27,0.5905784244144784,2.45,,0.593553701987437,0.7684308758832156,9711,0.9017162778224725,0.5294858672545469,7458,0.31226765799256506,0.7105263157894737,2421,0.023965141612200435,0.059192825112107626,2754,0.015,0.018404907975460124,200
1.0,nsl_kdd,lightgbm,28,0.708791696238467,2.39,,0.9346102358150551,0.6743944122455046,9711,0.7355859479753285,0.8488318118520811,7458,0.5778603882693102,0.6932606541129831,2421,0.005809731299927378,0.0443213296398892,2754,0.01,0.00819672131147541,200
1.0,nsl_kdd,lightgbm,29,0.7438786373314408,2.44,,0.9602512614560808,0.6694185211773152,9711,0.7346473585411638,0.9039762415442997,7458,0.6906237092110699,0.776230269266481,2421,0.10530137981118373,0.7611548556430446,2754,0.02,0.2222222222222222,200
1.0,nsl_kdd,lightgbm,30,0.6485095812633073,2.66,,0.9109257542992483,0.6126463051457858,9711,0.7188254223652454,0.7280999592557381,7458,0.16522098306484923,0.5873715124816447,2421,0.002178649237472767,0.20689655172413793,2754,0.035,0.21875,200
1.0,nsl_kdd,lightgbm,31,0.5181866572036906,2.58,,0.4200391308825044,0.8968777484608619,9711,0.9902118530437114,0.42886178861788615,7458,0.0,0.0,2421,0.06862745098039216,0.7269230769230769,2754,0.145,0.08708708708708708,200
1.0,nsl_kdd,lightgbm,32,0.6757452093683464,2.33,,0.9460405725465967,0.6384294649061848,9711,0.6853043711450791,0.8181527133023851,7458,0.2003304419661297,0.575326215895611,2421,0.16339869281045752,0.4787234042553192,2754,0.005,0.008064516129032258,200
1.0,nsl_kdd,lightgbm,33,0.7099006387508872,2.44,,0.9367727319534549,0.6480267844422283,9711,0.7323679270581925,0.9062551850008296,7458,0.563816604708798,0.6031816173221387,2421,0.02868554829339143,0.5984848484848485,2754,0.005,0.011904761904761904,200
1.0,nsl_kdd,lightgbm,34,0.6835521646557843,2.57,,0.8459478941406652,0.6787573328926713,9711,0.6807455081791365,0.6550967741935484,7458,0.698058653448988,0.7752293577981652,2421,0.15432098765432098,0.8817427385892116,2754,0.015,0.10344827586206896,200
1.0,nsl_kdd,lightgbm,35,0.6774751596877218,2.44,,0.9357429718875502,0.6708253358925144,9711,0.5710646285867524,0.8621457489878542,7458,0.7959520859149112,0.4748644652538196,2421,0.0,nan,2754,0.0,nan,200
1.0,nsl_kdd,lightgbm,36,0.6392831795599716,2.58,,0.9770363505303264,0.5620853080568721,9711,0.4953070528291767,0.9545219638242894,7458,0.4969021065675341,0.7255729794933655,2421,0.008351488743645606,0.23469387755102042,2754,0.02,0.10526315789473684,200
1.0,nsl_kdd,lightgbm,37,0.7098562810503903,2.57,,0.9094840902069817,0.6494595190822855,9711,0.7559667471171896,0.8846697002981327,7458,0.6100784799669559,0.8552403011001737,2421,0.007988380537400145,0.13253012048192772,2754,0.17,0.050073637702503684,200
1.0,nsl_kdd,lightgbm,38,0.7293293115684882,2.52,,0.9346102358150551,0.67239591050526,9711,0.7460445159560204,0.8933847141939627,7458,0.714580751755473,0.6744639376218323,2421,0.026143790849673203,0.3076923076923077,2754,0.0,0.0,200
1.0,nsl_kdd,lightgbm,39,0.6965046132008517,2.16,,0.9512923488827103,0.6480533146264469,9711,0.6988468758380263,0.8403740728797162,7458,0.5171416769929781,0.6834061135371179,2421,0.0,0.0,2754,0.0,0.0,200
1.0,nsl_kdd,logistic_regression,0,0.7437455642299503,181.11,,0.9293584594789414,0.6471389645776566,9711,0.7995441137034057,0.911913136565224,7458,0.7253201156546881,0.8645987198424422,2421,0.002178649237472767,0.6666666666666666,2754,0.085,0.8947368421052632,200
1.0,nsl_kdd,logistic_regression,1,0.7437455642299503,179.75,,0.9293584594789414,0.6471389645776566,9711,0.7995441137034057,0.911913136565224,7458,0.7253201156546881,0.8645987198424422,2421,0.002178649237472767,0.6666666666666666,2754,0.085,0.8947368421052632,200
1.0,nsl_kdd,logistic_regression,2,0.7437455642299503,179.62,,0.9293584594789414,0.6471389645776566,9711,0.7995441137034057,0.911913136565224,7458,0.7253201156546881,0.8645987198424422,2421,0.002178649237472767,0.6666666666666666,2754,0.085,0.8947368421052632,200
1.0,nsl_kdd,logistic_regression,3,0.7437455642299503,177.44,,0.9293584594789414,0.6471389645776566,9711,0.7995441137034057,0.911913136565224,7458,0.7253201156546881,0.8645987198424422,2421,0.002178649237472767,0.6666666666666666,2754,0.085,0.8947368421052632,200
1.0,nsl_kdd,logistic_regression,4,0.7437455642299503,177.27,,0.9293584594789414,0.6471389645776566,9711,0.7995441137034057,0.911913136565224,7458,0.7253201156546881,0.8645987198424422,2421,0.002178649237472767,0.6666666666666666,2754,0.085,0.8947368421052632,200
1.0,nsl_kdd,logistic_regression,5,0.7437455642299503,177.21,,0.9293584594789414,0.6471389645776566,9711,0.7995441137034057,0.911913136565224,7458,0.7253201156546881,0.8645987198424422,2421,0.002178649237472767,0.6666666666666666,2754,0.085,0.8947368421052632,200
1.0,nsl_kdd,logistic_regression,6,0.7437455642299503,178.59,,0.9293584594789414,0.6471389645776566,9711,0.7995441137034057,0.911913136565224,7458,0.7253201156546881,0.8645987198424422,2421,0.002178649237472767,0.6666666666666666,2754,0.085,0.8947368421052632,200
1.0,nsl_kdd,logistic_regression,7,0.7437455642299503,177.37,,0.9293584594789414,0.6471389645776566,9711,0.7995441137034057,0.911913136565224,7458,0.7253201156546881,0.8645987198424422,2421,0.002178649237472767,0.6666666666666666,2754,0.085,0.8947368421052632,200
1.0,nsl_kdd,logistic_regression,8,0.7437455642299503,177.62,,0.9293584594789414,0.6471389645776566,9711,0.7995441137034057,0.911913136565224,7458,0.7253201156546881,0.8645987198424422,2421,0.002178649237472767,0.6666666666666666,2754,0.085,0.8947368421052632,200
1.0,nsl_kdd,logistic_regression,9,0.7437455642299503,177.72,,0.9293584594789414,0.6471389645776566,9711,0.7995441137034057,0.911913136565224,7458,0.7253201156546881,0.8645987198424422,2421,0.002178649237472767,0.6666666666666666,2754,0.085,0.8947368421052632,200
1.0,nsl_kdd,logistic_regression,10,0.7437455642299503,177.72,,0.9293584594789414,0.6471389645776566,9711,0.7995441137034057,0.911913136565224,7458,0.7253201156546881,0.8645987198424422,2421,0.002178649237472767,0.6666666666666666,2754,0.085,0.8947368421052632,200
1.0,nsl_kdd,logistic_regression,11,0.7437455642299503,177.41,,0.9293584594789414,0.6471389645776566,9711,0.7995441137034057,0.911913136565224,7458,0.7253201156546881,0.8645987198424422,2421,0.002178649237472767,0.6666666666666666,2754,0.085,0.8947368421052632,200
1.0,nsl_kdd,logistic_regression,12,0.7437455642299503,178.28,,0.9293584594789414,0.6471389645776566,9711,0.7995441137034057,0.911913136565224,7458,0.7253201156546881,0.8645987198424422,2421,0.002178649237472767,0.6666666666666666,2754,0.085,0.8947368421052632,200
1.0,nsl_kdd,logistic_regression,13,0.7437455642299503,178.03,,0.9293584594789414,0.6471389645776566,9711,0.7995441137034057,0.911913136565224,7458,0.7253201156546881,0.8645987198424422,2421,0.002178649237472767,0.6666666666666666,2754,0.085,0.8947368421052632,200
1.0,nsl_kdd,logistic_regression,14,0.7437455642299503,178.3,,0.9293584594789414,0.6471389645776566,9711,0.7995441137034057,0.911913136565224,7458,0.7253201156546881,0.8645987198424422,2421,0.002178649237472767,0.6666666666666666,2754,0.085,0.8947368421052632,200
1.0,nsl_kdd,logistic_regression,15,0.7437455642299503,177.98,,0.9293584594789414,0.6471389645776566,9711,0.7995441137034057,0.911913136565224,7458,0.7253201156546881,0.8645987198424422,2421,0.002178649237472767,0.6666666666666666,2754,0.085,0.8947368421052632,200
1.0,nsl_kdd,logistic_regression,16,0.7437455642299503,178.24,,0.9293584594789414,0.6471389645776566,9711,0.7995441137034057,0.911913136565224,7458,0.7253201156546881,0.8645987198424422,2421,0.002178649237472767,0.6666666666666666,2754,0.085,0.8947368421052632,200
1.0,nsl_kdd,logistic_regression,17,0.7437455642299503,177.04,,0.9293584594789414,0.6471389645776566,9711,0.7995441137034057,0.911913136565224,7458,0.7253201156546881,0.8645987198424422,2421,0.002178649237472767,0.6666666666666666,2754,0.085,0.8947368421052632,200
1.0,nsl_kdd,logistic_regression,18,0.7437455642299503,177.98,,0.9293584594789414,0.6471389645776566,9711,0.7995441137034057,0.911913136565224,7458,0.7253201156546881,0.8645987198424422,2421,0.002178649237472767,0.6666666666666666,2754,0.085,0.8947368421052632,200
1.0,nsl_kdd,logistic_regression,19,0.7437455642299503,177.91,,0.9293584594789414,0.6471389645776566,9711,0.7995441137034057,0.911913136565224,7458,0.7253201156546881,0.8645987198424422,2421,0.002178649237472767,0.6666666666666666,2754,0.085,0.8947368421052632,200
1.0,nsl_kdd,logistic_regression,20,0.7437455642299503,177.7,,0.9293584594789414,0.6471389645776566,9711,0.7995441137034057,0.911913136565224,7458,0.7253201156546881,0.8645987198424422,2421,0.002178649237472767,0.6666666666666666,2754,0.085,0.8947368421052632,200
1.0,nsl_kdd,logistic_regression,21,0.7437455642299503,177.74,,0.9293584594789414,0.6471389645776566,9711,0.7995441137034057,0.911913136565224,7458,0.7253201156546881,0.8645987198424422,2421,0.002178649237472767,0.6666666666666666,2754,0.085,0.8947368421052632,200
1.0,nsl_kdd,logistic_regression,22,0.7437455642299503,177.63,,0.9293584594789414,0.6471389645776566,9711,0.7995441137034057,0.911913136565224,7458,0.7253201156546881,0.8645987198424422,2421,0.002178649237472767,0.6666666666666666,2754,0.085,0.8947368421052632,200
1.0,nsl_kdd,logistic_regression,23,0.7437455642299503,177.32,,0.9293584594789414,0.6471389645776566,9711,0.7995441137034057,0.911913136565224,7458,0.7253201156546881,0.8645987198424422,2421,0.002178649237472767,0.6666666666666666,2754,0.085,0.8947368421052632,200
1.0,nsl_kdd,logistic_regression,24,0.7437455642299503,177.57,,0.9293584594789414,0.6471389645776566,9711,0.7995441137034057,0.911913136565224,7458,0.7253201156546881,0.8645987198424422,2421,0.002178649237472767,0.6666666666666666,2754,0.085,0.8947368421052632,200
1.0,nsl_kdd,logistic_regression,25,0.7437455642299503,177.9,,0.9293584594789414,0.6471389645776566,9711,0.7995441137034057,0.911913136565224,7458,0.7253201156546881,0.8645987198424422,2421,0.002178649237472767,0.6666666666666666,2754,0.085,0.8947368421052632,200
1.0,nsl_kdd,logistic_regression,26,0.7437455642299503,177.96,,0.9293584594789414,0.6471389645776566,9711,0.7995441137034057,0.911913136565224,7458,0.7253201156546881,0.8645987198424422,2421,0.002178649237472767,0.6666666666666666,2754,0.085,0.8947368421052632,200
1.0,nsl_kdd,logistic_regression,27,0.7437455642299503,178.3,,0.9293584594789414,0.6471389645776566,9711,0.7995441137034057,0.911913136565224,7458,0.7253201156546881,0.8645987198424422,2421,0.002178649237472767,0.6666666666666666,2754,0.085,0.8947368421052632,200
1.0,nsl_kdd,logistic_regression,28,0.7437455642299503,177.12,,0.9293584594789414,0.6471389645776566,9711,0.7995441137034057,0.911913136565224,7458,0.7253201156546881,0.8645987198424422,2421,0.002178649237472767,0.6666666666666666,2754,0.085,0.8947368421052632,200
1.0,nsl_kdd,logistic_regression,29,0.7437455642299503,177.33,,0.9293584594789414,0.6471389645776566,9711,0.7995441137034057,0.911913136565224,7458,0.7253201156546881,0.8645987198424422,2421,0.002178649237472767,0.6666666666666666,2754,0.085,0.8947368421052632,200
1.0,nsl_kdd,logistic_regression,30,0.7437455642299503,176.88,,0.9293584594789414,0.6471389645776566,9711,0.7995441137034057,0.911913136565224,7458,0.7253201156546881,0.8645987198424422,2421,0.002178649237472767,0.6666666666666666,2754,0.085,0.8947368421052632,200
1.0,nsl_kdd,logistic_regression,31,0.7437455642299503,177.36,,0.9293584594789414,0.6471389645776566,9711,0.7995441137034057,0.911913136565224,7458,0.7253201156546881,0.8645987198424422,2421,0.002178649237472767,0.6666666666666666,2754,0.085,0.8947368421052632,200
1.0,nsl_kdd,logistic_regression,32,0.7437455642299503,177.47,,0.9293584594789414,0.6471389645776566,9711,0.7995441137034057,0.911913136565224,7458,0.7253201156546881,0.8645987198424422,2421,0.002178649237472767,0.6666666666666666,2754,0.085,0.8947368421052632,200
1.0,nsl_kdd,logistic_regression,33,0.7437455642299503,178.04,,0.9293584594789414,0.6471389645776566,9711,0.7995441137034057,0.911913136565224,7458,0.7253201156546881,0.8645987198424422,2421,0.002178649237472767,0.6666666666666666,2754,0.085,0.8947368421052632,200
1.0,nsl_kdd,logistic_regression,34,0.7437455642299503,178.36,,0.9293584594789414,0.6471389645776566,9711,0.7995441137034057,0.911913136565224,7458,0.7253201156546881,0.8645987198424422,2421,0.002178649237472767,0.6666666666666666,2754,0.085,0.8947368421052632,200
1.0,nsl_kdd,logistic_regression,35,0.7437455642299503,178.4,,0.9293584594789414,0.6471389645776566,9711,0.7995441137034057,0.911913136565224,7458,0.7253201156546881,0.8645987198424422,2421,0.002178649237472767,0.6666666666666666,2754,0.085,0.8947368421052632,200
1.0,nsl_kdd,logistic_regression,36,0.7437455642299503,178.37,,0.9293584594789414,0.6471389645776566,9711,0.7995441137034057,0.911913136565224,7458,0.7253201156546881,0.8645987198424422,2421,0.002178649237472767,0.6666666666666666,2754,0.085,0.8947368421052632,200
1.0,nsl_kdd,logistic_regression,37,0.7437455642299503,178.39,,0.9293584594789414,0.6471389645776566,9711,0.7995441137034057,0.911913136565224,7458,0.7253201156546881,0.8645987198424422,2421,0.002178649237472767,0.6666666666666666,2754,0.085,0.8947368421052632,200
1.0,nsl_kdd,logistic_regression,38,0.7437455642299503,177.87,,0.9293584594789414,0.6471389645776566,9711,0.7995441137034057,0.911913136565224,7458,0.7253201156546881,0.8645987198424422,2421,0.002178649237472767,0.6666666666666666,2754,0.085,0.8947368421052632,200
1.0,nsl_kdd,logistic_regression,39,0.7437455642299503,177.5,,0.9293584594789414,0.6471389645776566,9711,0.7995441137034057,0.911913136565224,7458,0.7253201156546881,0.8645987198424422,2421,0.002178649237472767,0.6666666666666666,2754,0.085,0.8947368421052632,200
1.0,nsl_kdd,shallow_mlp,0,0.7571859474804826,88.0,50,0.932138811656884,0.6633445698373149,9711,0.831858407079646,0.9103448275862069,7458,0.6625361420900454,0.8628294782140936,2421,0.06971677559912855,0.9504950495049505,2754,0.09,0.8181818181818182,200
1.0,nsl_kdd,shallow_mlp,1,0.7674769339957417,80.02,50,0.9289465554525795,0.6776083527379253,9711,0.8425851434700993,0.9094066570188133,7458,0.7050805452292441,0.8488314271506713,2421,0.10130718954248366,0.9457627118644067,2754,0.055,0.7333333333333333,200
1.0,nsl_kdd,shallow_mlp,2,0.7656582682753726,77.15,50,0.9360518999073216,0.6718403547671841,9711,0.8354786806114239,0.9153812252093433,7458,0.6753407682775713,0.8655373213340392,2421,0.10203340595497458,0.9689655172413794,2754,0.12,0.8571428571428571,200
1.0,nsl_kdd,shallow_mlp,3,0.7608232789212207,67.53,45,0.9335804757491505,0.6709591474245116,9711,0.8447304907481898,0.911062906724512,7458,0.6183395291201983,0.824793388429752,2421,0.09840232389251997,0.9609929078014184,2754,0.09,0.9,200
1.0,nsl_kdd,shallow_mlp,4,0.7606458481192335,77.54,50,0.9358459478941407,0.6664711058961572,9711,0.8447304907481898,0.9160971353787989,7458,0.667905824039653,0.8642437199358631,2421,0.04647785039941903,0.8951048951048951,2754,0.075,0.8823529411764706,200
1.0,nsl_kdd,shallow_mlp,5,0.7672995031937544,54.72,36,0.936360827927093,0.6739549362585235,9711,0.8433896486993833,0.9137129575828007,7458,0.6852540272614622,0.8731578947368421,2421,0.08678286129266521,0.9598393574297188,2754,0.085,0.8947368421052632,200
1.0,nsl_kdd,shallow_mlp,6,0.7696061036195884,79.65,50,0.9349191638348265,0.6812997148431638,9711,0.8576025744167337,0.9172522587121755,7458,0.6662536142090045,0.8280287474332649,2421,0.08859840232389252,0.8808664259927798,2754,0.09,0.9,200
1.0,nsl_kdd,shallow_mlp,7,0.7577182398864443,77.53,50,0.93790546802595,0.6662277814351547,9711,0.831053901850362,0.9159154721442293,7458,0.6728624535315985,0.8401237751418257,2421,0.04611474219317357,0.8819444444444444,2754,0.1,0.8695652173913043,200
1.0,nsl_kdd,shallow_mlp,8,0.7626419446415897,72.03,45,0.9358459478941407,0.6690223792697291,9711,0.8502279431482971,0.9151392697358927,7458,0.6183395291201983,0.8544520547945206,2421,0.0915032679738562,0.9618320610687023,2754,0.075,0.8823529411764706,200
1.0,nsl_kdd,shallow_mlp,9,0.7575408090844571,74.04,50,0.9313150036041602,0.6704225352112676,9711,0.8455349959774738,0.9039564220183486,7458,0.6034696406443618,0.8263574660633484,2421,0.0915032679738562,0.863013698630137,2754,0.075,0.8333333333333334,200
1.0,nsl_kdd,shallow_mlp,10,0.7860628105039035,74.41,50,0.9657089898053753,0.6881420604637511,9711,0.8621614373826764,0.9598447529482013,7458,0.6856670797191243,0.8512820512820513,2421,0.08714596949891068,0.9486166007905138,2754,0.065,0.9285714285714286,200
1.0,nsl_kdd,shallow_mlp,11,0.7564762242725337,74.22,48,0.9362578519205025,0.6651547296802985,9711,0.8425851434700993,0.9191165715957291,7458,0.6100784799669559,0.8454493417286777,2421,0.0664488017429194,0.6727941176470589,2754,0.09,0.9473684210526315,200
1.0,nsl_kdd,shallow_mlp,12,0.75847232079489,72.26,50,0.9367727319534549,0.665910255471781,9711,0.8427192276749799,0.9100781928757602,7458,0.6113176373399422,0.8554913294797688,2421,0.07806826434277414,0.9684684684684685,2754,0.11,0.88,200
1.0,nsl_kdd,shallow_mlp,13,0.763041163946061,75.74,50,0.9356399958809597,0.6712470449172577,9711,0.8340037543577367,0.9156484616517003,7458,0.6703841387856257,0.8435550935550935,2421,0.09222948438634714,0.951310861423221,2754,0.095,0.7916666666666666,200
1.0,nsl_kdd,shallow_mlp,14,0.7660131298793471,72.91,48,0.9322417876634744,0.6735863095238095,9711,0.853848216680075,0.9104947097512154,7458,0.6687319289549772,0.8680965147453084,2421,0.07879448075526507,0.9393939393939394,2754,0.06,0.8571428571428571,200
1.0,nsl_kdd,shallow_mlp,15,0.7663236337828248,48.41,32,0.9351251158480074,0.6748662306777645,9711,0.831053901850362,0.9156448515290294,7458,0.7104502271788518,0.8464566929133859,2421,0.09368191721132897,0.9699248120300752,2754,0.095,0.9047619047619048,200
1.0,nsl_kdd,shallow_mlp,16,0.752306600425834,75.85,50,0.9337864277623313,0.6639332259481623,9711,0.8369536068651113,0.9083236321303841,7458,0.5799256505576208,0.8253968253968254,2421,0.08278867102396514,0.7808219178082192,2754,0.09,0.8571428571428571,200
1.0,nsl_kdd,shallow_mlp,17,0.7691625266146203,76.81,50,0.9468643805993203,0.672739244951712,9711,0.8513006167873425,0.9317581449955973,7458,0.631144155307724,0.8560224089635854,2421,0.0915032679738562,0.9692307692307692,2754,0.08,0.9411764705882353,200
1.0,nsl_kdd,shallow_mlp,18,0.7627750177430802,62.51,40,0.9362578519205025,0.6756334992940477,9711,0.8417806382408153,0.9098550724637681,7458,0.6493184634448576,0.8204592901878914,2421,0.08569353667392883,0.9402390438247012,2754,0.09,0.9,200
1.0,nsl_kdd,shallow_mlp,19,0.7658800567778566,70.84,49,0.9380084440325405,0.6730456627752327,9711,0.831456154465004,0.9167652276759314,7458,0.6943411813300289,0.8602865916069601,2421,0.09331880900508352,0.9518518518518518,2754,0.09,0.8181818181818182,200
1.0,nsl_kdd,shallow_mlp,20,0.7569198012775018,77.42,50,0.9350221398414169,0.6663242092903794,9711,0.8455349959774738,0.905254091300603,7458,0.5857083849648905,0.8485936564931179,2421,0.0896877269426289,0.9356060606060606,2754,0.065,0.8125,200
1.0,nsl_kdd,shallow_mlp,21,0.7727998580553584,64.66,44,0.959427453403357,0.6751938546271469,9711,0.829444891391794,0.9465952563121652,7458,0.6902106567534076,0.8564838544336237,2421,0.08424110384894698,0.9626556016597511,2754,0.08,0.8888888888888888,200
1.0,nsl_kdd,shallow_mlp,22,0.7611337828246983,71.82,47,0.931932859643703,0.670122176971492,9711,0.8380262805041566,0.9117432530999271,7458,0.6530359355638166,0.839171974522293,2421,0.0962236746550472,0.9265734265734266,2754,0.065,0.9285714285714286,200
1.0,nsl_kdd,shallow_mlp,23,0.7640170333569908,62.05,42,0.9308001235712079,0.6764705882352942,9711,0.83467417538214,0.9044021502251925,7458,0.6815365551425031,0.8337544214249621,2421,0.10493827160493827,0.9730639730639731,2754,0.105,0.9130434782608695,200
1.0,nsl_kdd,shallow_mlp,24,0.7566092973740242,74.86,50,0.9437751004016064,0.6609692773691043,9711,0.8419147224456959,0.9278853258460175,7458,0.5695993391160677,0.8307228915662651,2421,0.08097312999273784,0.9330543933054394,2754,0.055,0.9166666666666666,200
1.0,nsl_kdd,shallow_mlp,25,0.7733765081618169,75.52,50,0.9404798681907116,0.6813129429317419,9711,0.8507642799678198,0.9239842726081258,7458,0.6939281288723668,0.850632911392405,2421,0.09331880900508352,0.9379562043795621,2754,0.1,0.8695652173913043,200
1.0,nsl_kdd,shallow_mlp,26,0.7597586941092974,73.44,50,0.9306971475646174,0.6670110701107012,9711,0.829847144006436,0.9149911295091662,7458,0.6732755059892607,0.8389089037570767,2421,0.09041394335511982,0.9467680608365019,2754,0.11,0.9166666666666666,200
1.0,nsl_kdd,shallow_mlp,27,0.7571415897799858,70.53,47,0.9338894037689218,0.667869504381766,9711,0.8353445964065433,0.9082956699227293,7458,0.6266005782734407,0.824008690928843,2421,0.08533042846768336,0.9631147540983607,2754,0.09,0.8571428571428571,200
1.0,nsl_kdd,shallow_mlp,28,0.7650372604684174,77.42,50,0.9716815981876222,0.665209728586535,9711,0.8289085545722714,0.9596398633964607,7458,0.5956216439487815,0.8388598022105875,2421,0.06390704429920116,0.9565217391304348,2754,0.055,0.7857142857142857,200
1.0,nsl_kdd,shallow_mlp,29,0.7728442157558553,76.33,50,0.9602512614560808,0.6754309720411416,9711,0.8384285331187986,0.9439915458937198,7458,0.6592317224287485,0.8673913043478261,2421,0.08533042846768336,0.9108527131782945,2754,0.07,0.875,200
1.0,nsl_kdd,shallow_mlp,30,0.7606902058197303,66.8,47,0.9339923797755123,0.6676481413323518,9711,0.8559935639581657,0.9122606458988283,7458,0.5910780669144982,0.8502673796791443,2421,0.0896877269426289,0.9536679536679536,2754,0.085,0.8947368421052632,200
1.0,nsl_kdd,shallow_mlp,31,0.7627750177430802,74.65,50,0.9345072598084646,0.6743201069995541,9711,0.8563958165728077,0.9032668646584642,7458,0.6063610078479967,0.8436781609195402,2421,0.0896877269426289,0.9724409448818898,2754,0.095,0.9047619047619048,200
1.0,nsl_kdd,shallow_mlp,32,0.7590933286018453,60.02,41,0.9346102358150551,0.6733936785873275,9711,0.8444623223384286,0.9029390681003584,7458,0.6042957455596861,0.8118756936736959,2421,0.09404502541757444,0.9628252788104089,2754,0.085,0.85,200
1.0,nsl_kdd,shallow_mlp,33,0.7596699787083038,73.26,50,0.9424364123159303,0.6691036701272116,9711,0.8415124698310539,0.9178122257970167,7458,0.6187525815778604,0.8294573643410853,2421,0.06753812636165578,0.8985507246376812,2754,0.07,0.9333333333333333,200
1.0,nsl_kdd,shallow_mlp,34,0.7523953158268275,56.02,38,0.9333745237359695,0.6607377168683481,9711,0.8352105122016626,0.9129415213249303,7458,0.584056175134242,0.8178137651821862,2421,0.0896877269426289,0.9285714285714286,2754,0.04,1.0,200
1.0,nsl_kdd,shallow_mlp,35,0.765347764371895,72.25,50,0.9361548759139121,0.6730584141556231,9711,0.8551890587288817,0.9148020654044751,7458,0.6237092110698058,0.8540723981900452,2421,0.09331880900508352,0.9311594202898551,2754,0.09,0.8571428571428571,200
1.0,nsl_kdd,shallow_mlp,36,0.7649929027679205,72.64,50,0.9451137884872824,0.6715445964732567,9711,0.8424510592652186,0.9227493023938904,7458,0.6146220570012392,0.8464163822525598,2421,0.10021786492374728,0.9616724738675958,2754,0.105,0.9130434782608695,200
1.0,nsl_kdd,shallow_mlp,37,0.7629524485450674,68.04,48,0.9339923797755123,0.6723498888065234,9711,0.8409761330115313,0.9126891734575088,7458,0.6154481619165634,0.827318156579678,2421,0.1299927378358751,0.9701897018970189,2754,0.05,0.8333333333333334,200
1.0,nsl_kdd,shallow_mlp,38,0.7691181689141235,72.9,50,0.9724024302337555,0.6675857193354542,9711,0.8352105122016626,0.9666356300434513,7458,0.577034283353986,0.8365269461077844,2421,0.0915032679738562,0.9545454545454546,2754,0.09,0.8571428571428571,200
1.0,nsl_kdd,shallow_mlp,39,0.7572746628814763,77.14,50,0.9302852435382556,0.6676027194797517,9711,0.8470099222311611,0.9086593785960875,7458,0.5919041718298224,0.8151308304891922,2421,0.09803921568627451,0.9608540925266904,2754,0.09,0.8571428571428571,200
