architecture,metric,n_seeds,mean_ci_half_width,median_ci_half_width,sd_subset_means,p05_subset_mean,p95_subset_mean,frac_ci_excludes_full_mean,prefix_ci_half_width,prefix_mean,full_mean
dnn,aggregate_accuracy,3,0.02073784197966777,0.019962994121891883,0.005457555973159827,0.7616956470309914,0.7790846049207477,0.06,0.018664008362867978,0.7714839129406198,0.7708836053938963
dnn,aggregate_accuracy,5,0.010948505380795939,0.010808621358860002,0.003814771670736048,0.7645116217175301,0.7769614975159688,0.06,0.008665753534308674,0.7729418026969481,0.7708836053938963
dnn,aggregate_accuracy,10,0.006522229451422296,0.006480507224845661,0.00257678165421074,0.7666509936124911,0.7751286373314408,0.037,0.0052143322468395014,0.7749733853797018,0.7708836053938963
dnn,aggregate_accuracy,20,0.00433159532690784,0.004356898574288488,0.0015060208970521358,0.7684505855216466,0.7734453734918381,0.012,0.004152582713017478,0.7725204045422286,0.7708836053938963
dnn,aggregate_accuracy,30,0.003491535859656884,0.003532670796190563,0.0008346343785501426,0.769594200969955,0.7722725189259522,0.001,0.0036572980780879543,0.7705361367400047,0.7708836053938963
dnn,aggregate_accuracy,40,0.0029915216596065053,0.0029915216596065053,0.0,0.7708836053938963,0.7708836053938963,0.0,0.0029915216596065053,0.7708836053938963,0.7708836053938963
dnn,normal_recall,3,0.03452289554097743,0.04794707210690246,0.009321640256877923,0.9464507603061819,0.9729859609377681,0.322,0.05202819112462339,0.9573679332715477,0.9610544743074863
dnn,normal_recall,5,0.019240600778820244,0.021302407928214355,0.006901394826112696,0.9500154464009887,0.9724652455977758,0.128,0.022451637747825087,0.9579857893110905,0.9610544743074863
dnn,normal_recall,10,0.011682239926214312,0.012179275285878925,0.004498827719265432,0.9538549068067139,0.9686031304706003,0.031,0.010428972143078185,0.9633096488518176,0.9610544743074863
dnn,normal_recall,20,0.007756139484952263,0.007854984593090995,0.002623208875865774,0.9566676964267327,0.9652008032128515,0.009,0.007544321644203674,0.9619091751621873,0.9610544743074863
dnn,normal_recall,30,0.006205234856960089,0.006247506551874539,0.0015649128750098726,0.9584591356880513,0.9635284728658223,0.001,0.006368292770897362,0.9595681872790308,0.9610544743074863
dnn,normal_recall,40,0.005312015663052398,0.005312015663052398,0.0,0.9610544743074863,0.9610544743074863,0.0,0.005312015663052398,0.9610544743074863,0.9610544743074863
dnn,dos_recall,3,0.023369616330264405,0.014022723621989218,0.007486930237030255,0.8159448466970591,0.8395012067578439,0.063,0.007254293315189254,0.8397246804326451,0.8315634218289084
dnn,dos_recall,5,0.013003735985665281,0.007692280461680134,0.005397734235596271,0.8222834540091177,0.8384030571198713,0.115,0.004704561717186361,0.8374899436846341,0.8315634218289084
dnn,dos_recall,10,0.008616463638354265,0.008471282705927338,0.003758465073861691,0.8247298203271655,0.8368597479216948,0.182,0.003974977909952292,0.835679806918745,0.8315634218289084
dnn,dos_recall,20,0.006034840935861514,0.006372880145504595,0.002057484440326906,0.8279827031375704,0.8350100563153661,0.09,0.006199285100426683,0.832850630195763,0.8315634218289084
dnn,dos_recall,30,0.004996291274110121,0.0053100242436292175,0.0012319685024347556,0.8298466970590863,0.8337760346831142,0.014,0.005290287719299675,0.8323634575846964,0.8315634218289084
dnn,dos_recall,40,0.00431211559672988,0.00431211559672988,0.0,0.8315634218289084,0.8315634218289084,0.0,0.00431211559672988,0.8315634218289084,0.8315634218289084
dnn,probe_recall,3,0.0789154486787335,0.07545578185047735,0.019177324894107027,0.619709486438111,0.681261186837395,0.046,0.06223658758475458,0.6352746798843453,0.6501032631144156
dnn,probe_recall,5,0.0420883241531425,0.042532861155259005,0.014245690189720356,0.6265097067327552,0.6728665840561752,0.031,0.03880685283550659,0.6540272614622057,0.6501032631144156
dnn,probe_recall,10,0.024858542413001273,0.024984638000431374,0.009662362303486383,0.634155307724081,0.6652622883106154,0.028,0.027559758540346844,0.6597273853779428,0.6501032631144156
dnn,probe_recall,20,0.016388240065465815,0.016484726210788933,0.005564747366611061,0.6408271375464685,0.6592730276745147,0.009,0.017364954617940208,0.655658818669971,0.6501032631144156
dnn,probe_recall,30,0.013102690137541962,0.013139532221035085,0.0032401506013718675,0.6447473495800634,0.6557655238882005,0.0,0.013130193629272667,0.6500757262839048,0.6501032631144156
dnn,probe_recall,40,0.01121731851928969,0.01121731851928969,0.0,0.6501032631144156,0.6501032631144156,0.0,0.01121731851928969,0.6501032631144156,0.6501032631144156
dnn,r2l_recall,3,0.028203782024969194,0.023452280503089527,0.0072482603168502755,0.0791575889615105,0.10252360203340592,0.027,0.02317892778393882,0.10118615347373512,0.09186637618010163
dnn,r2l_recall,5,0.014750417974508098,0.012797547533075956,0.00536504645372738,0.08220406681190992,0.09985475671750177,0.024,0.008558000039703972,0.09999999999999995,0.09186637618010163
dnn,r2l_recall,10,0.009116098564824707,0.009303690169978574,0.003592520829657395,0.08547567175018153,0.09731299927378355,0.026,0.0076274546996121075,0.09818445896877266,0.09186637618010163
dnn,r2l_recall,20,0.006122935897073397,0.0062548948722299545,0.002062450879486994,0.08834241103848943,0.09524328249818442,0.018,0.0041799590642867,0.09402687000726215,0.09186637618010163
dnn,r2l_recall,30,0.004918403001196949,0.004965755306851696,0.001218731950608336,0.09000242072137495,0.09406923263132408,0.002,0.004703620415539803,0.09216896635197284,0.09186637618010163
dnn,r2l_recall,40,0.004237200318154032,0.004237200318154032,0.0,0.09186637618010163,0.09186637618010163,0.0,0.004237200318154032,0.09186637618010163,0.09186637618010163
dnn,u2r_recall,3,0.06706892460199965,0.056007986813441026,0.01860042228129178,0.051583333333333335,0.11166666666666665,0.044,0.06453979094624193,0.08,0.0865
dnn,u2r_recall,5,0.037247006108592044,0.032259155700746986,0.013505984881808052,0.062,0.10504999999999996,0.046,0.026558261221871732,0.087,0.0865
dnn,u2r_recall,10,0.022118481895402668,0.023906185216123144,0.008835877459566793,0.071975,0.101,0.055,0.023713718776452383,0.08099999999999999,0.0865
dnn,u2r_recall,20,0.014920773543314662,0.015160647501091244,0.005222715913345423,0.07825000000000001,0.09525,0.025,0.013386831114284011,0.0845,0.0865
dnn,u2r_recall,30,0.012083860505952107,0.012108017288981341,0.002790881186215808,0.08200000000000002,0.09116666666666666,0.002,0.009558876870373597,0.08583333333333337,0.0865
dnn,u2r_recall,40,0.010370796450374158,0.010370796450374158,0.0,0.0865,0.0865,0.0,0.010370796450374158,0.0865,0.0865
random_forest,aggregate_accuracy,3,0.012358898113440124,0.010911189504602792,0.0031806816845134506,0.7425449491365035,0.7528544180269695,0.077,0.00325077941278063,0.7406700969955051,0.7470435592618878
random_forest,aggregate_accuracy,5,0.00658099170165179,0.006150268634074583,0.0023736246051477205,0.743415986515259,0.7512792760823279,0.079,0.006616508124477355,0.7444996451383961,0.7470435592618878
random_forest,aggregate_accuracy,10,0.004016056200083316,0.004107524921840385,0.0015765566997800954,0.7444814584811923,0.7496515702625977,0.047,0.004781558207658679,0.746624378992193,0.7470435592618878
random_forest,aggregate_accuracy,20,0.0026540924071523204,0.0026776648893705067,0.0008975256285398207,0.7456077004968061,0.7485233321504613,0.013,0.0033704051495416555,0.7486759226401702,0.7470435592618878
random_forest,aggregate_accuracy,30,0.0021282951526890716,0.002153085249160272,0.0004968714313953583,0.7462321829903006,0.7478340874142418,0.003,0.0023038024794665816,0.7481251478590015,0.7470435592618878
random_forest,aggregate_accuracy,40,0.00182646269956211,0.00182646269956211,0.0,0.7470435592618878,0.7470435592618878,0.0,0.00182646269956211,0.7470435592618878,0.7470435592618878
random_forest,normal_recall,3,0.0006508154189573248,0.0006437657789490505,0.00015189245019291367,0.9735351663062506,0.9740500463392029,0.042,0.0009684680865944307,0.9737754436549618,0.9738054783235505
random_forest,normal_recall,5,0.0003304347286378937,0.0003334222602633899,0.000122165626421834,0.9735969519102049,0.9740088559365668,0.048,0.0004182462191628,0.973823499124704,0.9738054783235505
random_forest,normal_recall,10,0.00020177193135519387,0.0002055874379152479,7.925273710157333e-05,0.9736793327154771,0.9739269900113274,0.034,0.00021122894268306742,0.973844094326022,0.9738054783235505
random_forest,normal_recall,20,0.00013305209992316782,0.0001338478435344871,4.4699162293514165e-05,0.9737308207187725,0.9738801359283287,0.008,0.00010751009205570893,0.9738080527237154,0.9738054783235505
random_forest,normal_recall,30,0.00010601535676224039,0.00010661994855702378,2.704528698059707e-05,0.9737651460543026,0.973854391926681,0.0,0.00010067617061050703,0.9737617135207497,0.9738054783235505
random_forest,normal_recall,40,9.124541210220089e-05,9.124541210220089e-05,0.0,0.9738054783235505,0.9738054783235505,0.0,9.124541210220089e-05,0.9738054783235505,0.9738054783235505
random_forest,dos_recall,3,0.036129290935244744,0.03266739199883337,0.009453953634491186,0.7644140520246715,0.7960154643782962,0.07,0.007761634785621453,0.7581120943952802,0.7788213998390989
random_forest,dos_recall,5,0.019723222849291788,0.018461242579593185,0.007136602329344394,0.7678707428264951,0.7908567980691875,0.05,0.018750517162238158,0.7689997318315902,0.7788213998390989
random_forest,dos_recall,10,0.01201175414383483,0.012591592417096925,0.004699871667377361,0.771130329847144,0.787450388844194,0.038,0.014905528290698238,0.7766961651917403,0.7788213998390989
random_forest,dos_recall,20,0.007934985088715105,0.008008998481782456,0.0028009483108380174,0.7741197371949585,0.7834868597479218,0.015,0.01007267030737473,0.7836082059533387,0.7788213998390989
random_forest,dos_recall,30,0.0064035287274441825,0.006455310964377837,0.001554465284661191,0.7761593814248681,0.7812107803700724,0.001,0.00671521023402959,0.7827478323053544,0.7788213998390989
random_forest,dos_recall,40,0.005492640627183879,0.005492640627183879,0.0,0.7788213998390989,0.7788213998390989,0.0,0.005492640627183879,0.7788213998390989,0.7788213998390989
random_forest,probe_recall,3,0.01824034915420874,0.01849790560724819,0.004317523018313536,0.5997521685254027,0.613795952085915,0.066,0.020734248319046075,0.6056725870852264,0.6064952498967369
random_forest,probe_recall,5,0.009870605957032918,0.01026385230406017,0.003434502224947011,0.6009087154068566,0.6125609252375052,0.06,0.008525105104543003,0.6057827344072697,0.6064952498967369
random_forest,probe_recall,10,0.005827639025303776,0.005915997161138168,0.002236496111176133,0.6029739776951673,0.6103263114415529,0.035,0.003748443663162964,0.6044609665427509,0.6064952498967369
random_forest,probe_recall,20,0.0038338164264702704,0.0038392010361095142,0.0012641817127436988,0.6043783560512186,0.6085295332507228,0.009,0.003841012911897043,0.6067534076827756,0.6064952498967369
random_forest,probe_recall,30,0.0030693574939549004,0.0030793145662803617,0.0007510546945278336,0.6052595346275643,0.6076972325485336,0.0,0.0028573532675643405,0.6069255128734683,0.6064952498967369
random_forest,probe_recall,40,0.0026281534775475617,0.0026281534775475617,0.0,0.6064952498967369,0.6064952498967369,0.0,0.0026281534775475617,0.6064952498967369,0.6064952498967369
random_forest,r2l_recall,3,0.027388643177356647,0.027344468585719945,0.006452061365575363,0.027590171871217577,0.04878358750907765,0.108,0.030029418983882183,0.04296780440571283,0.03812636165577338
random_forest,r2l_recall,5,0.014318082161045038,0.014408787901205002,0.004944924000526819,0.02976761074800287,0.04582425562817716,0.055,0.011506167506626745,0.044444444444444384,0.03812636165577338
random_forest,r2l_recall,10,0.008484394249040328,0.008629105470345007,0.003239531804640563,0.03311365286855479,0.043465867828612885,0.029,0.008534080807263646,0.0420842411038489,0.03812636165577338
random_forest,r2l_recall,20,0.005602890936367373,0.005643780149742463,0.0018881038149222591,0.035203340595497415,0.04130355846042116,0.009,0.005891122744997905,0.038271604938271565,0.03812636165577338
random_forest,r2l_recall,30,0.004494032027241325,0.004514410105364083,0.0010870525003696594,0.03633442265795203,0.039906802227063616,0.0,0.00464525170873788,0.03610505930767364,0.03812636165577338
random_forest,r2l_recall,40,0.003854389892188305,0.003854389892188305,0.0,0.03812636165577338,0.03812636165577338,0.0,0.003854389892188305,0.03812636165577338,0.03812636165577338
random_forest,u2r_recall,3,0.010455045362495632,0.007171087882915772,0.002559012654910134,0.011666666666666665,0.018333333333333337,0.077,0.014342175765831541,0.013333333333333334,0.014750000000000003
random_forest,u2r_recall,5,0.005553232549351955,0.00519425316841784,0.0019339441926126359,0.012,0.018000000000000002,0.04,0.00620831999101882,0.015,0.014750000000000003
random_forest,u2r_recall,10,0.0032342970047645413,0.003286838155681354,0.001349367181975237,0.0125,0.017,0.041,0.0029204323393404227,0.015000000000000003,0.014750000000000003
random_forest,u2r_recall,20,0.002159280008200935,0.00218399391820189,0.0007506409923521365,0.013500000000000002,0.016000000000000004,0.006,0.0021473973702164245,0.015000000000000003,0.014750000000000003
random_forest,u2r_recall,30,0.0017418862772840484,0.0017632857174516494,0.00042448369654305123,0.014000000000000004,0.015333333333333336,0.001,0.0016261619573319306,0.015000000000000003,0.014750000000000003
random_forest,u2r_recall,40,0.0014908607430162112,0.0014908607430162112,0.0,0.014750000000000003,0.014750000000000003,0.0,0.0014908607430162112,0.014750000000000003,0.014750000000000003
xgboost,aggregate_accuracy,3,0.006188143679535648,0.005841835876294247,0.0015187492585670194,0.7738755322924059,0.7787888869174355,0.054,0.005354176526087868,0.7760379701916253,0.7763595635202272
xgboost,aggregate_accuracy,5,0.0032283935054263366,0.00319151794854428,0.001193730267285401,0.7744229063165365,0.7782824698367635,0.057,0.00218143894122951,0.7766678495386798,0.7763595635202272
xgboost,aggregate_accuracy,10,0.0019315103500654686,0.0019411819034700108,0.0007613831479585799,0.7750754080908446,0.7775638750887154,0.034,0.001347590368820633,0.7764682398864444,0.7763595635202272
xgboost,aggregate_accuracy,20,0.001286336548127425,0.0012966416076018907,0.00041823742664999573,0.7756584900638752,0.7770716155074521,0.006,0.0011710500588376358,0.776179914833215,0.7763595635202272
xgboost,aggregate_accuracy,30,0.0010264912350354978,0.0010353310494431735,0.0002486091507562842,0.7759743168914123,0.7768027708776911,0.002,0.0009792726584712667,0.776401703335699,0.7763595635202272
xgboost,aggregate_accuracy,40,0.000881680932365976,0.000881680932365976,0.0,0.7763595635202272,0.7763595635202272,0.0,0.000881680932365976,0.7763595635202272,0.7763595635202272
xgboost,normal_recall,3,0.00045468814341010575,0.00039075100747561355,0.00011992931993687799,0.9716815981876223,0.9720935022139839,0.043,0.00044306999585508013,0.9717845741942126,0.9718592317989907
xgboost,normal_recall,5,0.0002476068573803752,0.00021009804777823062,8.968409417341173e-05,0.9717227885902584,0.9720121511687778,0.051,0.00019391171746968965,0.9718463597981669,0.9718592317989907
xgboost,normal_recall,10,0.00014943673611075278,0.0001440180036703523,5.900618082998518e-05,0.9717639789928947,0.9719596334054165,0.042,0.00015452016323375887,0.9718669549994852,0.9718592317989907
xgboost,normal_recall,20,0.00010044145611299099,0.00010324682602123497,3.3917674408596535e-05,0.9718000205952014,0.9719132942024509,0.015,0.00011490272935600421,0.9718875502008032,0.9718592317989907
xgboost,normal_recall,30,8.134107538944923e-05,8.444532479586836e-05,1.9723121182446697e-05,0.9718257645968489,0.9718909827343561,0.002,8.162081071594047e-05,0.971853224865273,0.9718592317989907
xgboost,normal_recall,40,6.99566104068051e-05,6.99566104068051e-05,0.0,0.9718592317989907,0.9718592317989907,0.0,6.99566104068051e-05,0.9718592317989907,0.9718592317989907
xgboost,dos_recall,3,0.009299107068783716,0.006636644309277616,0.0028218124356740692,0.8341356038258694,0.8427639224099401,0.248,0.001386737734658768,0.8429427013497811,0.8396185304371144
xgboost,dos_recall,5,0.005273264354174471,0.004858564726659428,0.0021161893649845756,0.8358541163850898,0.842345132743363,0.187,0.0012143322417966854,0.8422901582193619,0.8396185304371144
xgboost,dos_recall,10,0.003262096899828293,0.0034569627277571523,0.001342811407905956,0.8373149637972648,0.8417679002413515,0.137,0.003055709197312152,0.8401314025207831,0.8396185304371144
xgboost,dos_recall,20,0.0022778580045601762,0.0023507475728157274,0.000777668035437518,0.8383805980155538,0.840896017699115,0.034,0.002040083034073166,0.8397492625368732,0.8396185304371144
xgboost,dos_recall,30,0.001847693163935709,0.0018916281335700138,0.0004512561541888836,0.8389150353088406,0.8403910789309019,0.002,0.0017492104939579283,0.8397961920085815,0.8396185304371144
xgboost,dos_recall,40,0.0015903428085719436,0.0015903428085719436,0.0,0.8396185304371144,0.8396185304371144,0.0,0.0015903428085719436,0.8396185304371144,0.8396185304371144
xgboost,probe_recall,3,0.034434511508430285,0.03359528047019991,0.008230007994885538,0.639811372711001,0.6674927715819909,0.079,0.04383812501741163,0.6362384689522236,0.6542854192482445
xgboost,probe_recall,5,0.017868237314893322,0.017246162257259542,0.00625442268963016,0.643370508054523,0.6644361833952912,0.05,0.02378810179005736,0.6465923172242876,0.6542854192482445
xgboost,probe_recall,10,0.01074314989671664,0.010662963940559902,0.004106142496268095,0.6475836431226766,0.6605534902932673,0.023,0.012235549144170955,0.6552664188351921,0.6542854192482445
xgboost,probe_recall,20,0.00709067435865747,0.007143304861479648,0.002316643652937327,0.6505359355638165,0.6582631144155308,0.002,0.00810150557403581,0.6551011978521272,0.6542854192482445
xgboost,probe_recall,30,0.005680110401006444,0.005740568209144616,0.0013287294965620765,0.6520680159713617,0.6564229657166459,0.0,0.006061058235160317,0.6555417871403002,0.6542854192482445
xgboost,probe_recall,40,0.0048596267292169894,0.0048596267292169894,0.0,0.6542854192482445,0.6542854192482445,0.0,0.0048596267292169894,0.6542854192482445,0.6542854192482445
xgboost,r2l_recall,3,0.03300244261339569,0.03380634509820343,0.00808713352379753,0.06269063180827882,0.08957274267731778,0.083,0.042560510286242186,0.08036794964899537,0.07598946986201885
xgboost,r2l_recall,5,0.017575743577749485,0.0178080500651822,0.005938860459824012,0.06557371096586778,0.08554829339143064,0.04,0.016351310409380676,0.07821350762527231,0.07598946986201885
xgboost,r2l_recall,10,0.010173780518013037,0.010249529251333343,0.004098140599166026,0.06927923021060273,0.08300653594771236,0.038,0.009481994295663269,0.07440087145969496,0.07598946986201885
xgboost,r2l_recall,20,0.006743927562341888,0.0067799855148514415,0.0023096681803881237,0.07236564996368915,0.07986746550472038,0.009,0.006785509446088614,0.07334785766158311,0.07598946986201885
xgboost,r2l_recall,30,0.005383113280327448,0.00539956432804988,0.001316226264859868,0.07390401839748242,0.07820200919874118,0.0,0.005375936202132035,0.07473977245219071,0.07598946986201885
xgboost,r2l_recall,40,0.004623541151435418,0.004623541151435418,0.0,0.07598946986201885,0.07598946986201885,0.0,0.004623541151435418,0.07598946986201885,0.07598946986201885
xgboost,u2r_recall,3,0.018971347957462373,0.018972915167983797,0.004903125315559689,0.04,0.056666666666666664,0.051,0.0071710878829157765,0.04833333333333334,0.04675
xgboost,u2r_recall,5,0.009761144812056076,0.009415383441742189,0.003651028486469123,0.041,0.053000000000000005,0.028,0.0076036080689581755,0.045,0.04675
xgboost,u2r_recall,10,0.006156954446486588,0.005853020497612542,0.002360374783613638,0.043,0.051000000000000004,0.022,0.008337310066599584,0.0495,0.04675
xgboost,u2r_recall,20,0.004035059012585526,0.004051345577140291,0.0013976024936405312,0.044500000000000005,0.04900000000000001,0.01,0.00450921491295156,0.04675000000000001,0.04675
xgboost,u2r_recall,30,0.003255277729218135,0.0033500275880450634,0.000782009775699313,0.04533333333333334,0.04800000000000001,0.001,0.003240599342894801,0.04716666666666666,0.04675
xgboost,u2r_recall,40,0.002794429200286143,0.002794429200286143,0.0,0.04675,0.04675,0.0,0.002794429200286143,0.04675,0.04675
lightgbm,aggregate_accuracy,3,0.18491724597852374,0.14911118798810583,0.05230267529078758,0.5690885971137922,0.7332978471729359,0.137,0.43782779785004905,0.6437928791104803,0.6677319907735983
lightgbm,aggregate_accuracy,5,0.10007789452281729,0.10665751335363194,0.03858502561746669,0.6022480482611781,0.7230788679914834,0.154,0.16794970513395158,0.6414567068843151,0.6677319907735983
lightgbm,aggregate_accuracy,10,0.061267004014891255,0.06490597395014078,0.02433101818942529,0.6293907469836764,0.7075448012775019,0.089,0.0736940717987987,0.6495431156848829,0.6677319907735983
lightgbm,aggregate_accuracy,20,0.0417752400956939,0.04247273786611831,0.014273508321141782,0.644589913058907,0.6909195351312988,0.026,0.039383698495344135,0.6886799148332151,0.6677319907735983
lightgbm,aggregate_accuracy,30,0.03352745458906317,0.033997621860874266,0.008545513421652946,0.6547026555476695,0.6833288975632836,0.005,0.03708255571212104,0.6673645611544831,0.6677319907735983
lightgbm,aggregate_accuracy,40,0.02888510089835791,0.02888510089835791,0.0,0.6677319907735983,0.6677319907735983,0.0,0.02888510089835791,0.6677319907735983,0.6677319907735983
lightgbm,normal_recall,3,0.2132193254834446,0.09130730195618977,0.07214323210059038,0.7577300655613908,0.9662719253080698,0.234,0.7443409044658174,0.77383036419181,0.8964730717742766
lightgbm,normal_recall,5,0.13294179813739554,0.09260033326094724,0.05722809485596307,0.7864596848934198,0.9574750283184019,0.307,0.28762607470564583,0.8169910410874266,0.8964730717742766
lightgbm,normal_recall,10,0.08523772769719937,0.08543054497362962,0.03727877044902266,0.8320914426938524,0.9475023169601484,0.2,0.12333843082835277,0.8466790237874576,0.8964730717742766
lightgbm,normal_recall,20,0.061043885016515975,0.06451165453646715,0.02025225479025371,0.8622039439810523,0.9305516939553086,0.066,0.06127219611102329,0.8978683966635774,0.8964730717742766
lightgbm,normal_recall,30,0.049266976608330265,0.05181350259588301,0.011790065100955127,0.8799656746644698,0.9175603267771942,0.013,0.04637993565980051,0.9030343596608655,0.8964730717742766
lightgbm,normal_recall,40,0.04269895138781742,0.04269895138781742,0.0,0.8964730717742766,0.8964730717742766,0.0,0.04269895138781742,0.8964730717742766,0.8964730717742766
lightgbm,dos_recall,3,0.3728692539039338,0.23934331706848821,0.10688855471374256,0.5055510860820595,0.8272995441137034,0.092,0.26519544641200593,0.7500670421024404,0.693148297130598
lightgbm,dos_recall,5,0.20501724379129727,0.16126452750009462,0.0803538030155055,0.5523907213730223,0.8067337087691069,0.126,0.09920515400106274,0.734271922767498,0.693148297130598
lightgbm,dos_recall,10,0.12930089610695114,0.14260908478938233,0.052466746228782175,0.6003016894609815,0.7720454545454545,0.127,0.11377355059205965,0.7151246983105389,0.693148297130598
lightgbm,dos_recall,20,0.08848723369600804,0.09112114570260561,0.031052179090625007,0.6430138777152051,0.7457780235988201,0.052,0.05502257532714474,0.7440332528828104,0.693148297130598
lightgbm,dos_recall,30,0.07170274904630448,0.07267545416339327,0.0183390402372031,0.6654321980870652,0.7251231339948153,0.008,0.07917441637301408,0.6883748994368463,0.693148297130598
lightgbm,dos_recall,40,0.06179310269735282,0.06179310269735282,0.0,0.693148297130598,0.693148297130598,0.0,0.06179310269735282,0.693148297130598,0.693148297130598
lightgbm,probe_recall,3,0.5549566922642226,0.5516930640301736,0.13632232718237786,0.20616136582679334,0.6546124191105603,0.097,0.2479356395994014,0.5431639818256918,0.4436080132176786
lightgbm,probe_recall,5,0.29813774574515356,0.3138492421764116,0.10803164883127983,0.25340355225113587,0.6113341594382486,0.084,0.30526665582942925,0.40198265179677817,0.4436080132176786
lightgbm,probe_recall,10,0.17728102787784136,0.18024958583531972,0.06659922312452515,0.3285336637752994,0.5540375877736471,0.032,0.18097202850921656,0.4021065675340768,0.4436080132176786
lightgbm,probe_recall,20,0.11746569647703496,0.11800822979675343,0.039209259121059103,0.3816811235026848,0.5074225526641882,0.008,0.111208410164515,0.4768071045022718,0.4436080132176786
lightgbm,probe_recall,30,0.09397959178806338,0.09429960235164848,0.022193043545880833,0.40771857359217956,0.48054591766487675,0.0,0.09356200398629881,0.43274129147735085,0.4436080132176786
lightgbm,probe_recall,40,0.08049204340526973,0.08049204340526973,0.0,0.4436080132176786,0.4436080132176786,0.0,0.08049204340526973,0.4436080132176786,0.4436080132176786
lightgbm,r2l_recall,3,0.10357752087289478,0.07267207008981585,0.03162361135919977,0.002178649237472765,0.10119220527717254,0.176,0.05640513227568938,0.028806584362139898,0.035693536673928786
lightgbm,r2l_recall,5,0.05732722177621283,0.05711331410870846,0.022097009527055365,0.0062418300653594464,0.0766267247639796,0.188,0.027453166661836476,0.02549019607843136,0.035693536673928786
lightgbm,r2l_recall,10,0.03589861156640342,0.037597990938845534,0.014310624390290362,0.013251633986928071,0.05869462599854752,0.12,0.042574712292365556,0.03907044299201159,0.035693536673928786
lightgbm,r2l_recall,20,0.024305177312388387,0.024951557948314856,0.008284218586033053,0.021713870733478545,0.04922113289760342,0.031,0.026638139424606598,0.0359658678286129,0.035693536673928786
lightgbm,r2l_recall,30,0.01964506734688991,0.020036522507403107,0.004941463700318649,0.02723251028806581,0.043344831759864394,0.008,0.018748204575644127,0.032268215928346604,0.035693536673928786
lightgbm,r2l_recall,40,0.017004268577808054,0.017004268577808054,0.0,0.035693536673928786,0.035693536673928786,0.0,0.017004268577808054,0.035693536673928786,0.035693536673928786
lightgbm,u2r_recall,3,0.10239960862379735,0.050197615180410396,0.03647759176277846,0.0,0.115,0.297,0.1250321895875155,0.05333333333333334,0.029625000000000002
lightgbm,u2r_recall,5,0.05849460260858831,0.03693816280948254,0.02689773544691397,0.002,0.08700000000000001,0.286,0.05297119652860741,0.038,0.029625000000000002
lightgbm,u2r_recall,10,0.03864856062674236,0.03364206200732198,0.017631516955161294,0.007000000000000001,0.0645,0.169,0.025684866215619398,0.0335,0.029625000000000002
lightgbm,u2r_recall,20,0.027878966993949404,0.034764776807971756,0.010165646283653802,0.013737500000000003,0.04575,0.08,0.014584132673949889,0.02,0.029625000000000002
lightgbm,u2r_recall,30,0.022935765153175504,0.02546876343881556,0.005811663527832501,0.018166666666666668,0.037175,0.026,0.023889205899363962,0.026333333333333334,0.029625000000000002
lightgbm,u2r_recall,40,0.020241126249473728,0.020241126249473728,0.0,0.029625000000000002,0.029625000000000002,0.0,0.020241126249473728,0.029625000000000002,0.029625000000000002
logistic_regression,aggregate_accuracy,3,0.0,0.0,0.0,0.7437455642299503,0.7437455642299503,0.0,0.0,0.7437455642299503,0.7437455642299503
logistic_regression,aggregate_accuracy,5,0.0,0.0,0.0,0.7437455642299503,0.7437455642299503,0.0,0.0,0.7437455642299503,0.7437455642299503
logistic_regression,aggregate_accuracy,10,0.0,0.0,0.0,0.7437455642299503,0.7437455642299503,0.0,0.0,0.7437455642299503,0.7437455642299503
logistic_regression,aggregate_accuracy,20,0.0,0.0,0.0,0.7437455642299503,0.7437455642299503,0.0,0.0,0.7437455642299503,0.7437455642299503
logistic_regression,aggregate_accuracy,30,0.0,0.0,0.0,0.7437455642299503,0.7437455642299503,0.0,0.0,0.7437455642299503,0.7437455642299503
logistic_regression,aggregate_accuracy,40,0.0,0.0,0.0,0.7437455642299503,0.7437455642299503,0.0,0.0,0.7437455642299503,0.7437455642299503
logistic_regression,normal_recall,3,0.0,0.0,2.221557105636704e-16,0.9293584594789414,0.9293584594789414,0.0,0.0,0.9293584594789414,0.9293584594789414
logistic_regression,normal_recall,5,0.0,0.0,2.221557105636704e-16,0.9293584594789414,0.9293584594789414,0.0,0.0,0.9293584594789414,0.9293584594789414
logistic_regression,normal_recall,10,0.0,0.0,2.221557105636704e-16,0.9293584594789414,0.9293584594789414,0.0,0.0,0.9293584594789414,0.9293584594789414
logistic_regression,normal_recall,20,0.0,0.0,2.221557105636704e-16,0.9293584594789414,0.9293584594789414,0.0,0.0,0.9293584594789414,0.9293584594789414
logistic_regression,normal_recall,30,4.2165116958599375e-17,4.2165116958599375e-17,3.332335658455056e-16,0.9293584594789412,0.9293584594789412,1.0,4.2165116958599375e-17,0.9293584594789412,0.9293584594789414
logistic_regression,normal_recall,40,0.0,0.0,0.0,0.9293584594789414,0.9293584594789414,0.0,0.0,0.9293584594789414,0.9293584594789414
logistic_regression,dos_recall,3,0.0,0.0,2.221557105636704e-16,0.7995441137034057,0.7995441137034057,0.0,0.0,0.7995441137034057,0.7995441137034057
logistic_regression,dos_recall,5,0.0,0.0,2.221557105636704e-16,0.7995441137034057,0.7995441137034057,0.0,0.0,0.7995441137034057,0.7995441137034057
logistic_regression,dos_recall,10,0.0,0.0,2.221557105636704e-16,0.7995441137034057,0.7995441137034057,0.0,0.0,0.7995441137034057,0.7995441137034057
logistic_regression,dos_recall,20,5.330987312155652e-17,5.3309873121556513e-17,1.110778552818352e-16,0.7995441137034056,0.7995441137034056,1.0,5.3309873121556513e-17,0.7995441137034056,0.7995441137034057
logistic_regression,dos_recall,30,8.433023391719875e-17,8.433023391719875e-17,1.110778552818352e-16,0.7995441137034055,0.7995441137034055,1.0,8.433023391719875e-17,0.7995441137034055,0.7995441137034057
logistic_regression,dos_recall,40,0.0,0.0,0.0,0.7995441137034057,0.7995441137034057,0.0,0.0,0.7995441137034057,0.7995441137034057
logistic_regression,probe_recall,3,0.0,0.0,0.0,0.7253201156546881,0.7253201156546881,0.0,0.0,0.7253201156546881,0.7253201156546881
logistic_regression,probe_recall,5,0.0,0.0,0.0,0.7253201156546881,0.7253201156546881,0.0,0.0,0.7253201156546881,0.7253201156546881
logistic_regression,probe_recall,10,8.371663224864283e-17,8.371663224864286e-17,1.110778552818352e-16,0.7253201156546882,0.7253201156546882,1.0,8.371663224864286e-17,0.7253201156546882,0.7253201156546881
logistic_regression,probe_recall,20,5.330987312155652e-17,5.3309873121556513e-17,3.332335658455056e-16,0.725320115654688,0.725320115654688,1.0,5.3309873121556513e-17,0.725320115654688,0.7253201156546881
logistic_regression,probe_recall,30,8.433023391719875e-17,8.433023391719875e-17,2.221557105636704e-16,0.7253201156546883,0.7253201156546883,1.0,8.433023391719875e-17,0.7253201156546883,0.7253201156546881
logistic_regression,probe_recall,40,0.0,0.0,0.0,0.7253201156546881,0.7253201156546881,0.0,0.0,0.7253201156546881,0.7253201156546881
logistic_regression,r2l_recall,3,0.0,0.0,4.338978721946687e-19,0.0021786492374727,0.0021786492374727,0.0,0.0,0.0021786492374727,0.0021786492374727
logistic_regression,r2l_recall,5,0.0,0.0,4.338978721946687e-19,0.0021786492374727,0.0021786492374727,0.0,0.0,0.0021786492374727,0.0021786492374727
logistic_regression,r2l_recall,10,0.0,0.0,4.338978721946687e-19,0.0021786492374727,0.0021786492374727,0.0,0.0,0.0021786492374727,0.0021786492374727
logistic_regression,r2l_recall,20,0.0,0.0,4.338978721946687e-19,0.0021786492374727,0.0021786492374727,0.0,0.0,0.0021786492374727,0.0021786492374727
logistic_regression,r2l_recall,30,0.0,0.0,4.338978721946687e-19,0.0021786492374727,0.0021786492374727,0.0,0.0,0.0021786492374727,0.0021786492374727
logistic_regression,r2l_recall,40,0.0,0.0,0.0,0.0021786492374727,0.0021786492374727,0.0,0.0,0.0021786492374727,0.0021786492374727
logistic_regression,u2r_recall,3,0.0,0.0,2.77694638204588e-17,0.085,0.085,0.0,0.0,0.085,0.085
logistic_regression,u2r_recall,5,0.0,0.0,2.77694638204588e-17,0.085,0.085,0.0,0.0,0.085,0.085
logistic_regression,u2r_recall,10,1.0464579031080354e-17,1.0464579031080357e-17,1.38847319102294e-17,0.08499999999999999,0.08499999999999999,1.0,1.0464579031080357e-17,0.08499999999999999,0.085
logistic_regression,u2r_recall,20,6.663734140194565e-18,6.663734140194564e-18,1.38847319102294e-17,0.08499999999999999,0.08499999999999999,1.0,6.663734140194564e-18,0.08499999999999999,0.085
logistic_regression,u2r_recall,30,5.270639619824922e-18,5.270639619824922e-18,1.38847319102294e-17,0.08499999999999999,0.08499999999999999,1.0,5.270639619824922e-18,0.08499999999999999,0.085
logistic_regression,u2r_recall,40,0.0,0.0,0.0,0.085,0.085,0.0,0.0,0.085,0.085
shallow_mlp,aggregate_accuracy,3,0.013497909378564255,0.01240211131442008,0.003542152957133361,0.7580272651999054,0.7698064525668324,0.05,0.013643630020532493,0.7634403832505323,0.7631764549325764
shallow_mlp,aggregate_accuracy,5,0.006947355114856176,0.006387679094527968,0.0026448526825747767,0.7590023953158268,0.7679559971611072,0.041,0.005161956407200492,0.7623580553584102,0.7631764549325764
shallow_mlp,aggregate_accuracy,10,0.004354660543212679,0.004075021680401869,0.0017657590760602059,0.7603841376863024,0.766271957061746,0.037,0.0032867416935782184,0.7626596877217885,0.7631764549325764
shallow_mlp,aggregate_accuracy,20,0.002996853345292794,0.0031431225586760975,0.0009990170970061928,0.7616036417672108,0.7649087340312278,0.009,0.003323793284940858,0.7636555180979417,0.7631764549325764
shallow_mlp,aggregate_accuracy,30,0.0023942697530254823,0.0024924757309442514,0.0005803225167092154,0.7621946711615802,0.7641237136266855,0.0,0.002577323609353665,0.7637582801040927,0.7631764549325764
shallow_mlp,aggregate_accuracy,40,0.0020621556275715594,0.0020621556275715594,0.0,0.7631764549325764,0.7631764549325764,0.0,0.0020621556275715594,0.7631764549325764,0.7631764549325764
shallow_mlp,normal_recall,3,0.02136538821105476,0.012570404157718998,0.006095625441269536,0.9326193663543062,0.9497150997150997,0.207,0.008840452408337092,0.9323790890055951,0.9393600041190403
shallow_mlp,normal_recall,5,0.011452697806198626,0.01281661857620698,0.0045227866096743535,0.9337019874369271,0.9478951704252909,0.218,0.0036430460282377243,0.9333127381320153,0.9393600041190403
shallow_mlp,normal_recall,10,0.0073112082301484095,0.008060319256286664,0.0030398324671939555,0.934793533106786,0.9447023993409535,0.151,0.0019697380138735125,0.9342910101946247,0.9393600041190403
shallow_mlp,normal_recall,20,0.005095798679895795,0.005255701246177254,0.001774348681222568,0.9364166924106683,0.9422716507053857,0.037,0.0035669232392509915,0.9369786839666358,0.9393600041190403
shallow_mlp,normal_recall,30,0.004081417618937618,0.004163637760678615,0.001033619958946344,0.9374647307177427,0.940874781175986,0.01,0.004027375139594319,0.9392510211787319,0.9393600041190403
shallow_mlp,normal_recall,40,0.0035259382563594516,0.0035259382563594516,0.0,0.9393600041190403,0.9393600041190403,0.0,0.0035259382563594516,0.9393600041190403,0.9393600041190403
shallow_mlp,dos_recall,3,0.019866432206047096,0.01891058724534187,0.004706931528793664,0.8347635648520605,0.8500536336819523,0.04,0.013555862651482951,0.8366407437203898,0.8420588629659426
shallow_mlp,dos_recall,5,0.010409300677926676,0.010577592486633303,0.0037186338681788416,0.8360860820595334,0.8484325556449451,0.039,0.007295497998966166,0.8398766425315098,0.8420588629659426
shallow_mlp,dos_recall,10,0.0061041839691413175,0.006168760866988422,0.0024283566142092893,0.8382005899705016,0.8460854116385088,0.033,0.005844971032742984,0.8427192276749798,0.8420588629659426
shallow_mlp,dos_recall,20,0.004048557183902543,0.00404879869007322,0.0014012059652479666,0.8396879190131402,0.8443027621346204,0.008,0.004226273685543942,0.8427527487262001,0.8420588629659426
shallow_mlp,dos_recall,30,0.003240501890849596,0.0032552167841018104,0.0007498061645381072,0.8407747832305354,0.8432332171270224,0.0,0.003266311018164178,0.840931438276571,0.8420588629659426
shallow_mlp,dos_recall,40,0.00278382092243771,0.00278382092243771,0.0,0.8420588629659426,0.8420588629659426,0.0,0.00278382092243771,0.8420588629659426,0.8420588629659426
shallow_mlp,probe_recall,3,0.09267578252077294,0.09584826170226131,0.02264673735480005,0.6022235990637477,0.6776951672862452,0.095,0.0542206236834481,0.6809858185322869,0.6385687732342007
shallow_mlp,probe_recall,5,0.04883920824100507,0.049898948514666266,0.017273812557164366,0.6107228418009086,0.6663362247005369,0.05,0.03877871337559635,0.6658405617513424,0.6385687732342007
shallow_mlp,probe_recall,10,0.028982653455254102,0.029314900058153355,0.011049292678134499,0.6201053283767038,0.6564663362247005,0.023,0.02358763621883825,0.6575382073523338,0.6385687732342007
shallow_mlp,probe_recall,20,0.01908537830973031,0.01916411802114584,0.006398227947210768,0.6287040479140851,0.6492368855844692,0.012,0.017310387680627395,0.6543370508054522,0.6385687732342007
shallow_mlp,probe_recall,30,0.015240134620742892,0.015255436078565804,0.0037200654382233567,0.6323103400798568,0.6445277433567398,0.0,0.0148134637182746,0.6505163155720778,0.6385687732342007
shallow_mlp,probe_recall,40,0.01306114753490887,0.01306114753490887,0.0,0.6385687732342007,0.6385687732342007,0.0,0.01306114753490887,0.6385687732342007,0.6385687732342007
shallow_mlp,r2l_recall,3,0.030625338512374107,0.02548344424948458,0.008468270252330769,0.07201646090534973,0.10009682885499872,0.043,0.04583717910770687,0.09101912369886221,0.08725490196078427
shallow_mlp,r2l_recall,5,0.015950096704241128,0.014387257344786413,0.00610449449628089,0.0766848220769789,0.09695352214960054,0.065,0.030687198448686778,0.0835875090777051,0.08725490196078427
shallow_mlp,r2l_recall,10,0.010170235793647557,0.010877254500672558,0.003913683089937644,0.08053376906318076,0.09325163398692807,0.033,0.01506225461513344,0.08224400871459692,0.08725490196078427
shallow_mlp,r2l_recall,20,0.006869772615536941,0.007019053089910588,0.0023973126271791072,0.08338779956427012,0.09125635439360925,0.02,0.007366328339171514,0.0836056644880174,0.08725490196078427
shallow_mlp,r2l_recall,30,0.005531355899569029,0.005510728426712677,0.0013647034055489277,0.08505144032921806,0.08965141612200432,0.001,0.005304067793315245,0.08488259501331391,0.08725490196078427
shallow_mlp,r2l_recall,40,0.004759758645398785,0.004759758645398785,0.0,0.08725490196078427,0.08725490196078427,0.0,0.004759758645398785,0.08725490196078427,0.08725490196078427
shallow_mlp,u2r_recall,3,0.03933001421147047,0.037945830335967594,0.010186411656067672,0.065,0.09999999999999999,0.072,0.08081405620875415,0.08833333333333333,0.082875
shallow_mlp,u2r_recall,5,0.021257219908687276,0.021684729483043678,0.007536402082980736,0.06999999999999999,0.095,0.053,0.029579240734289733,0.086,0.082875
shallow_mlp,u2r_recall,10,0.012623807217843439,0.012623341461722065,0.0050257295696951015,0.074,0.091,0.034,0.012441864395390126,0.08549999999999999,0.082875
shallow_mlp,u2r_recall,20,0.008443551449407885,0.008533624903816523,0.0028638261994228106,0.07825,0.0875,0.011,0.007345229128329848,0.08600000000000001,0.082875
shallow_mlp,u2r_recall,30,0.006734109176567687,0.00676433147103566,0.001662930045532985,0.08000000000000002,0.08549999999999998,0.0,0.006498793475627118,0.08383333333333334,0.082875
shallow_mlp,u2r_recall,40,0.005769961129757341,0.005769961129757341,0.0,0.082875,0.082875,0.0,0.005769961129757341,0.082875,0.082875
